rainfall_mm,pore_water_pressure_kpa,rock_displacement_mm,displacement_rate_mm_day,crack_width_mm,crack_growth_rate_mm_day,vibration_ppv_mm_s,slope_angle_deg,rock_mass_rating_rmr,temperature_c,humidity_pct,rockfall_event
8.45,30.41,13.45,5.94,11.34,3.12,20.76,49.29,47.0,34.1,37.2,0
54.18,71.53,23.93,3.31,19.7,1.44,6.8,55.52,50.2,20.3,62.5,0
23.7,58.36,29.97,2.6,16.54,1.02,4.92,65.91,52.5,28.3,39.7,1
16.43,34.97,12.74,5.84,7.7,2.15,57.05,57.88,65.7,33.4,43.8,0
3.05,27.32,17.49,3.95,6.48,3.55,5.1,47.17,44.5,25.7,37.1,0
3.05,34.53,41.25,2.61,44.97,1.77,6.63,75.0,55.0,30.1,46.1,1
1.08,11.37,42.99,4.06,46.2,1.45,30.14,54.67,53.8,21.4,45.2,0
36.2,67.39,35.24,2.51,15.71,0.17,1.24,49.09,42.9,24.2,56.2,0
16.54,21.15,16.0,5.77,3.21,6.93,0.66,66.0,53.1,24.1,38.8,1
22.16,40.95,7.89,4.82,6.98,3.83,3.45,50.01,67.0,19.3,52.4,0
0.37,22.72,14.92,1.66,10.11,1.38,1.85,68.13,54.8,24.4,34.2,0
63.06,75.6,19.94,5.76,19.15,3.53,8.66,46.6,55.4,12.1,52.6,0
32.16,33.84,19.88,2.41,17.88,1.15,2.08,66.16,41.4,21.6,45.4,1
4.3,4.6,18.29,2.63,7.17,2.14,4.05,55.71,81.5,23.4,37.8,0
3.61,19.19,24.0,4.59,17.79,2.12,45.11,64.97,42.3,23.7,45.7,1
3.65,29.15,2.03,3.38,0.44,2.15,7.84,70.17,27.0,23.8,34.8,1
6.53,56.8,18.08,4.04,17.56,0.12,36.88,44.37,64.9,25.4,25.8,0
13.39,37.71,5.31,8.15,3.62,9.51,2.13,64.84,50.3,30.3,41.6,1
10.18,15.62,20.83,5.42,13.03,3.9,34.82,42.02,47.5,33.9,40.7,0
6.2,22.11,5.47,3.34,1.59,3.71,4.27,45.1,43.8,20.2,39.6,0
17.03,32.16,19.13,1.78,1.19,0.58,3.78,47.17,80.1,15.2,51.9,0
2.7,48.78,10.64,2.32,0.51,0.87,3.64,58.28,57.3,16.6,46.4,0
6.22,32.13,29.07,2.6,30.72,1.93,1.69,54.28,60.2,21.6,31.9,0
8.21,15.04,19.86,4.56,11.79,4.23,8.72,52.58,54.4,22.8,32.5,0
10.96,22.12,9.51,7.03,5.86,6.37,30.8,55.24,56.1,19.1,29.5,0
27.68,57.67,19.39,2.28,19.59,0.7,4.46,59.03,73.0,14.3,54.4,0
4.01,26.83,15.57,3.44,14.3,2.5,9.32,59.68,48.2,21.9,51.3,0
13.0,31.1,36.3,4.69,16.46,4.15,6.44,63.3,30.1,27.6,37.7,1
16.16,30.51,12.39,3.82,9.36,0.66,34.45,69.47,65.0,31.4,39.9,0
0.86,34.31,7.72,3.41,0.1,1.2,1.81,53.82,59.5,21.0,50.1,0
16.84,29.09,7.34,2.69,3.83,0.47,9.17,49.57,53.6,22.3,47.6,0
3.37,15.23,4.14,2.37,1.5,2.79,0.63,59.22,59.1,17.7,40.9,0
1.21,38.7,22.44,7.92,14.32,4.72,53.07,44.27,46.4,25.7,23.6,0
53.53,46.42,14.72,5.45,3.79,5.0,8.42,48.23,52.3,18.4,65.9,0
60.67,59.4,8.82,6.23,9.3,3.21,39.45,62.49,50.0,31.2,53.0,1
29.74,36.05,7.66,7.42,6.33,1.14,56.35,52.94,43.1,9.9,37.0,0
6.54,44.98,5.76,5.35,1.67,1.98,42.4,43.73,69.8,22.8,34.5,0
1.85,24.08,42.67,5.52,44.87,5.14,6.26,41.34,30.8,28.7,30.0,0
20.75,24.96,32.77,7.04,26.2,1.55,45.8,54.41,87.4,27.7,42.1,0
10.44,15.69,1.76,1.83,1.14,1.23,8.37,63.71,65.2,45.0,25.3,0
2.34,42.16,37.82,9.37,31.36,8.62,40.39,63.59,25.3,29.1,45.6,1
12.3,17.29,14.01,4.23,9.16,4.46,7.24,54.94,48.6,17.0,51.8,0
0.63,12.49,22.63,4.94,22.86,6.13,5.79,71.08,49.5,25.1,15.8,1
43.21,51.15,4.5,8.13,2.19,5.62,50.69,53.11,57.9,10.0,64.2,1
5.39,33.45,3.14,5.7,2.14,1.4,2.42,52.82,37.2,25.3,29.3,0
19.55,30.03,24.07,5.96,24.81,3.77,1.21,35.0,52.5,18.5,52.4,0
6.72,11.53,33.81,2.63,29.15,1.92,1.46,50.2,50.2,34.2,37.3,0
13.21,41.87,11.8,2.17,9.97,0.12,0.64,61.24,40.9,21.1,41.2,0
14.24,42.29,37.95,3.57,34.42,3.23,4.29,67.29,38.8,24.9,39.6,1
3.68,58.22,16.19,3.07,13.18,1.33,2.11,46.94,65.8,20.3,48.8,0
62.87,77.51,4.25,3.11,3.68,1.11,8.2,57.93,26.6,41.6,50.9,1
26.86,29.39,9.11,7.64,5.51,8.83,7.25,62.9,59.2,23.1,53.2,1
50.49,96.3,10.32,2.91,2.05,0.14,5.66,54.1,64.0,42.5,68.7,0
40.54,48.84,18.32,6.47,18.0,6.19,4.9,35.0,48.7,33.3,60.4,0
16.4,49.57,60.24,4.15,59.97,0.45,45.69,56.1,52.8,30.3,65.6,1
45.89,91.18,11.35,3.94,11.13,1.22,16.78,60.47,69.5,29.3,50.4,0
1.67,22.7,13.84,2.54,14.4,1.32,6.27,45.95,41.4,29.5,45.3,0
3.93,22.75,20.01,4.11,19.25,3.36,7.54,51.84,43.0,8.7,35.7,0
0.83,24.84,5.93,4.5,3.3,0.57,55.16,44.18,44.6,23.5,47.7,0
7.08,33.46,12.08,6.91,3.88,6.56,24.87,35.0,69.5,33.6,38.1,0
8.86,47.22,9.9,5.45,6.9,3.21,7.18,62.73,71.4,25.6,35.1,0
5.7,22.2,13.15,4.03,14.04,4.53,5.53,53.97,31.1,13.4,50.6,0
31.76,47.52,30.01,5.03,26.64,0.29,47.35,67.58,67.1,25.5,44.4,1
7.94,19.81,7.19,1.91,3.76,1.48,5.35,61.29,64.3,41.3,24.4,0
5.94,18.05,8.36,5.04,6.6,5.04,5.02,50.99,75.3,37.2,32.5,0
14.08,21.51,25.52,2.12,17.55,0.7,4.78,53.29,57.8,25.4,47.5,0
2.73,16.12,2.14,2.21,1.26,0.39,4.65,58.81,51.3,34.6,50.2,0
29.17,33.33,22.94,4.89,9.19,1.51,46.08,62.22,69.2,22.7,49.2,0
1.39,37.79,4.26,5.3,2.02,6.17,2.15,56.74,62.5,10.7,48.8,0
78.01,97.69,12.68,6.53,9.97,1.53,33.53,63.4,85.7,17.7,56.5,0
26.63,41.07,31.65,5.51,17.51,1.09,57.73,51.48,66.4,40.1,42.6,0
3.99,27.06,11.56,3.85,3.3,2.25,2.87,45.52,54.3,23.5,33.9,0
0.1,9.63,25.69,9.02,28.03,7.54,39.88,53.45,34.4,23.8,33.9,1
30.42,45.2,10.71,1.79,6.15,0.14,2.4,55.74,43.3,23.3,49.5,0
22.09,62.11,5.18,8.07,3.27,0.48,7.12,43.79,30.5,43.1,51.8,1
23.5,62.32,11.8,5.04,8.37,0.34,50.03,42.64,48.8,40.6,41.1,0
26.55,78.39,34.08,5.14,28.81,0.22,39.24,57.8,65.9,45.0,48.3,0
1.38,37.73,4.97,2.52,0.95,0.86,3.25,50.55,51.9,24.6,35.2,0
7.99,32.0,4.65,3.37,4.68,0.53,29.13,52.59,67.3,28.7,29.3,0
2.22,37.13,16.74,3.16,13.57,1.82,6.12,50.94,57.1,12.4,34.9,0
35.79,37.49,6.49,3.13,7.05,1.18,3.14,66.93,46.0,39.3,49.7,1
17.57,48.38,3.57,3.18,1.11,1.46,6.92,64.72,53.3,15.5,41.3,0
7.23,43.56,8.21,5.78,4.79,5.9,3.6,43.48,59.1,28.0,38.6,0
1.18,20.11,25.56,1.91,21.51,0.37,5.78,49.47,54.1,16.1,36.3,0
6.7,26.44,47.82,3.77,48.43,1.26,38.96,61.23,54.3,20.7,33.7,1
7.08,22.18,1.54,1.36,0.62,0.84,3.21,59.12,40.5,18.5,50.9,0
23.54,38.67,27.08,4.41,12.14,2.11,33.73,53.65,45.5,20.5,33.9,0
18.27,38.18,7.2,3.64,1.0,1.89,17.5,44.33,85.9,21.1,36.0,0
39.28,57.79,14.21,5.63,13.25,3.42,5.36,48.2,70.4,21.1,80.5,0
11.5,19.46,20.39,2.94,0.12,2.02,4.64,49.61,29.9,33.5,29.8,0
2.29,13.21,13.08,10.06,0.25,6.29,42.63,56.35,16.5,16.1,22.5,1
22.48,50.51,22.12,6.71,23.54,4.51,41.12,68.48,53.1,28.0,52.5,1
25.75,47.94,7.22,2.7,0.92,0.35,6.14,48.16,65.4,37.0,25.8,0
14.83,23.01,9.23,1.71,4.78,0.66,7.35,45.28,44.2,21.4,39.3,0
26.53,40.57,35.73,2.85,38.27,2.36,4.75,53.08,67.3,19.5,68.4,0
12.25,71.52,60.78,10.57,65.76,10.71,1.45,62.77,52.9,23.9,25.1,1
13.31,13.37,6.86,1.28,2.09,0.98,2.7,41.7,49.6,36.6,21.2,0
10.04,9.47,12.15,1.22,10.91,0.62,6.62,66.36,63.3,27.7,24.5,0
0.46,2.5,20.74,4.35,11.04,4.95,8.56,52.54,44.0,21.2,44.2,0
2.06,78.71,8.5,3.66,8.76,0.59,4.29,47.76,47.7,30.4,47.2,0
0.57,8.36,38.59,3.49,26.51,2.04,18.78,40.4,62.1,16.1,30.1,0
18.21,30.94,29.1,1.15,20.1,0.09,2.56,60.01,51.5,32.1,50.0,0
6.79,35.37,21.65,1.2,15.11,0.03,4.21,52.55,80.6,29.7,52.0,0
12.79,39.1,5.46,2.13,4.03,1.37,3.53,55.45,62.4,23.2,58.6,0
42.86,52.74,13.79,3.28,6.96,2.3,6.4,46.34,61.4,18.5,51.8,0
5.16,54.2,11.85,4.49,9.31,0.39,23.93,51.29,51.3,18.0,15.0,0
9.51,42.38,9.85,5.56,4.25,3.02,7.82,49.86,65.1,30.8,31.1,0
25.36,33.27,3.51,5.38,1.4,0.35,28.17,53.14,47.2,37.1,42.1,0
4.68,12.21,12.29,3.16,1.61,1.59,5.7,48.31,56.2,20.3,34.5,0
1.44,23.6,2.63,2.95,2.64,0.88,1.1,40.96,38.3,30.1,33.8,0
6.16,40.68,10.06,5.06,3.34,3.77,2.72,75.0,67.6,7.2,49.0,1
3.16,64.73,13.73,6.65,3.5,3.64,2.05,42.41,56.4,20.7,49.2,0
47.79,65.78,9.29,3.26,3.39,0.14,3.52,55.54,81.7,25.7,54.8,0
29.72,40.17,6.1,1.98,5.35,0.3,6.61,38.94,87.9,17.8,59.4,0
18.06,62.25,9.15,4.96,7.93,4.25,4.99,37.03,63.4,17.6,46.7,0
36.93,74.05,9.23,3.88,5.43,1.45,8.9,54.83,53.0,20.0,52.3,0
29.3,58.96,36.64,3.56,38.05,1.94,2.41,55.48,37.8,28.6,57.3,0
3.72,9.94,9.34,4.37,10.34,0.42,54.39,64.72,65.6,24.3,37.4,1
40.15,49.68,19.94,11.82,21.88,13.61,3.47,57.4,55.2,5.9,73.6,1
13.95,29.06,37.77,5.73,32.24,5.67,2.62,52.73,60.1,6.9,26.9,0
29.65,59.27,2.22,1.94,1.88,0.0,9.44,45.93,77.9,20.5,43.2,0
40.76,37.71,24.12,3.09,9.26,2.51,3.99,66.74,39.6,30.1,52.1,1
6.89,20.44,11.53,6.97,8.92,6.04,8.96,61.9,38.1,1.3,42.5,1
2.1,22.06,13.41,2.3,5.44,1.24,4.01,43.41,48.5,21.5,48.6,0
4.66,20.68,0.9,1.76,0.11,1.21,2.34,54.32,64.3,21.3,36.9,0
10.03,66.28,36.63,3.92,23.29,1.19,1.57,55.22,60.3,38.5,25.3,0
30.67,66.01,1.86,2.23,1.84,0.08,8.2,51.06,38.6,22.5,57.2,0
35.48,70.03,69.15,4.86,76.55,4.05,0.79,60.56,63.3,29.4,58.5,1
0.13,13.83,21.52,2.37,23.53,1.81,9.18,61.07,34.0,27.3,15.6,0
12.87,33.75,12.19,4.08,12.82,2.06,4.26,52.38,39.4,6.8,40.8,0
9.72,17.77,5.98,3.43,2.2,0.69,25.86,51.61,50.3,32.9,23.5,0
4.52,13.6,19.43,4.25,11.24,4.43,6.06,66.74,43.7,27.9,30.4,1
2.3,42.15,5.66,5.85,4.05,3.81,1.7,61.93,65.3,30.6,27.0,0
7.41,41.99,11.74,4.47,3.92,1.96,1.15,54.62,56.3,45.0,46.4,0
51.54,52.71,24.29,5.21,17.08,3.69,7.95,40.15,78.5,7.2,59.4,0
7.03,27.69,20.46,2.87,6.81,0.32,4.32,56.92,48.3,41.5,25.3,0
13.17,15.97,8.56,4.45,8.43,3.96,5.16,59.93,50.2,23.4,49.7,0
21.85,47.84,17.19,2.89,18.13,1.31,2.09,35.0,70.2,28.6,30.5,0
8.14,15.62,1.9,1.3,1.25,0.64,1.05,56.14,50.6,25.6,42.0,0
64.22,76.35,12.39,2.38,10.79,0.3,3.81,50.46,74.4,22.2,55.8,0
59.08,110.98,15.38,3.48,12.61,0.96,5.06,52.12,60.1,20.9,57.9,0
5.22,12.16,11.64,6.03,8.8,5.78,7.39,46.29,16.7,29.0,42.4,1
12.38,36.39,20.38,3.4,20.66,3.14,5.01,52.74,69.7,12.3,45.8,0
6.44,24.91,40.25,3.16,38.24,2.49,7.54,65.83,65.7,32.8,51.3,0
6.03,12.23,8.72,0.7,6.94,0.18,1.54,50.21,66.3,22.3,36.9,0
0.68,11.56,12.1,7.84,10.41,10.05,1.08,62.21,23.3,15.8,38.4,1
16.93,41.87,9.51,2.0,9.82,0.94,1.93,47.15,42.1,21.9,38.2,0
12.57,27.68,22.94,4.31,19.5,2.63,7.45,60.45,43.2,37.3,42.5,0
0.95,51.66,21.73,7.91,17.05,4.68,7.33,54.01,39.4,21.2,39.8,0
5.88,33.42,11.05,3.31,2.82,0.27,1.77,56.99,78.1,29.2,36.7,0
43.0,44.82,14.89,3.7,0.92,2.68,0.78,54.06,51.8,19.4,36.3,0
4.93,40.86,47.71,4.46,43.33,0.09,6.67,59.45,51.5,32.8,40.5,0
2.82,42.18,4.53,4.18,3.24,0.19,46.19,35.0,60.3,32.2,39.9,0
12.1,34.87,11.97,3.54,11.5,2.5,7.29,41.93,60.5,42.6,33.6,0
76.39,95.05,45.96,5.55,34.62,0.64,47.06,57.55,15.0,24.4,56.5,1
4.99,28.58,13.37,3.7,4.44,1.29,5.75,36.63,42.3,32.0,52.0,0
20.07,62.92,23.8,5.3,16.28,0.86,53.82,49.49,30.8,26.9,48.9,1
25.81,64.16,9.04,3.3,1.57,1.36,2.8,53.54,58.0,37.7,44.3,0
4.88,8.91,41.57,3.28,44.11,0.18,28.58,46.96,47.7,19.5,25.8,0
23.45,24.17,11.96,3.67,0.76,3.16,3.33,48.12,52.2,32.7,37.3,0
8.25,24.25,9.74,0.94,9.79,0.27,2.53,56.31,20.8,24.2,51.7,1
18.01,50.43,13.39,6.12,12.01,5.3,9.23,62.58,47.4,25.4,44.5,1
18.07,60.09,18.83,4.53,18.09,2.18,8.71,45.85,68.7,26.8,37.6,0
13.81,26.85,6.16,1.7,1.37,0.96,4.51,49.11,73.1,28.3,46.3,0
1.7,18.33,9.66,4.32,6.58,3.92,1.73,47.78,62.8,25.0,27.6,0
32.47,43.42,8.1,5.1,4.9,0.51,35.8,35.0,32.0,27.9,64.6,0
6.96,24.72,8.72,4.58,4.31,0.61,2.8,55.2,70.9,40.2,51.7,0
3.72,25.71,21.16,3.19,19.94,0.35,33.45,61.95,62.9,34.9,32.0,0
0.75,14.44,1.8,1.45,0.08,1.26,3.93,62.64,50.2,33.8,29.1,0
16.09,29.46,26.3,10.39,21.94,12.84,5.27,46.6,21.6,21.9,16.1,1
20.37,43.87,25.99,2.15,18.46,0.33,1.38,43.36,66.3,18.0,29.4,0
0.3,6.59,32.84,6.59,32.15,4.48,26.22,54.18,43.1,34.6,21.7,1
12.92,75.66,19.64,6.0,14.83,2.94,0.64,61.05,57.2,33.9,42.2,1
4.62,38.39,9.64,3.3,5.6,0.04,8.53,55.32,53.0,39.3,33.8,0
18.65,65.21,6.54,8.29,6.86,6.29,27.11,56.46,75.1,20.6,29.9,0
3.45,12.16,48.7,9.66,50.45,9.37,32.7,63.71,50.1,23.9,33.7,1
21.14,30.18,24.62,5.08,27.28,5.91,4.7,47.72,51.8,11.2,49.6,0
8.8,8.93,12.23,1.55,6.37,1.18,2.79,52.13,75.7,22.5,44.2,0
49.69,62.99,48.45,4.29,49.1,0.81,7.2,67.89,42.1,35.0,38.4,1
2.66,23.5,19.29,2.69,20.53,1.03,8.89,52.33,64.2,21.8,34.9,0
7.51,31.01,30.89,2.79,29.12,2.13,1.93,43.23,49.0,31.8,24.5,0
2.17,5.75,28.0,1.33,15.86,1.19,4.69,48.31,37.0,24.3,45.0,0
46.55,59.09,25.92,3.81,26.03,2.96,3.34,46.03,52.0,28.9,63.8,0
37.77,57.74,51.3,4.86,30.08,3.88,3.71,57.04,62.4,15.7,43.0,0
5.37,33.14,20.14,4.05,1.02,0.42,20.64,46.38,72.3,26.8,29.8,0
19.42,29.18,43.78,1.97,38.38,1.02,9.07,56.3,74.1,-0.9,39.1,0
30.59,97.06,15.58,8.62,6.11,8.81,2.83,47.74,47.6,24.3,26.2,1
14.58,29.15,9.91,2.25,7.49,0.66,4.93,35.95,37.2,11.3,44.9,0
13.58,33.93,23.52,2.35,22.7,1.13,9.06,56.61,47.2,36.9,38.4,0
4.98,19.49,33.58,1.82,16.72,0.1,20.07,55.26,34.3,33.0,46.9,0
1.76,14.33,30.89,2.2,31.28,1.03,17.23,58.4,48.7,30.2,24.8,0
40.95,66.83,7.23,2.94,7.36,1.22,1.03,48.28,46.9,39.7,47.2,0
41.52,39.4,5.97,2.26,5.53,0.22,9.08,47.37,62.9,17.5,38.6,0
18.05,48.74,7.96,3.09,0.58,0.0,2.19,57.41,18.9,41.7,33.1,1
7.45,28.33,11.96,3.6,10.07,2.61,9.32,66.91,41.0,34.4,26.5,1
7.73,24.05,18.19,2.27,18.73,0.96,2.08,54.09,41.1,23.9,48.4,0
23.3,26.55,13.95,4.12,4.29,0.04,57.39,57.61,69.8,36.2,38.5,0
40.93,55.46,12.78,6.45,9.73,5.75,3.28,51.27,35.3,16.0,54.7,1
39.26,65.15,7.82,3.91,3.1,1.95,4.4,40.88,55.4,18.6,48.9,0
27.24,45.84,21.21,1.74,22.45,0.53,2.75,62.22,50.1,20.5,34.6,0
18.49,34.77,2.01,5.43,0.81,4.62,9.19,61.72,67.6,21.2,41.6,0
1.58,17.88,15.09,1.25,15.86,0.68,3.25,60.04,60.9,16.5,41.7,0
3.17,16.73,9.82,3.14,6.1,0.59,28.07,52.45,53.8,37.0,24.4,0
41.19,42.25,9.55,8.58,0.65,6.43,38.75,59.07,43.7,23.7,61.6,1
16.78,45.62,38.72,2.89,34.23,0.67,7.92,61.6,24.2,29.2,34.1,1
0.17,23.99,10.62,7.92,9.79,5.68,25.57,67.77,55.7,20.9,30.2,1
1.93,34.4,22.81,7.24,12.63,4.07,21.55,62.4,60.0,9.6,41.2,0
19.6,30.49,19.79,4.47,21.24,1.12,28.78,54.54,28.4,28.4,37.2,1
0.09,17.6,13.99,2.27,14.73,0.09,2.26,42.88,33.5,8.8,35.4,0
3.16,9.53,26.41,3.68,16.72,0.2,56.78,55.32,55.8,25.4,33.3,0
14.32,16.54,18.35,1.33,18.52,0.27,7.13,56.18,57.1,13.7,42.7,0
21.19,39.49,20.27,5.97,14.32,6.69,6.43,60.03,37.1,43.9,20.7,1
19.0,18.2,6.41,2.09,7.06,1.5,7.51,65.51,43.4,34.2,25.3,1
4.57,29.66,4.69,1.18,4.56,0.1,1.16,53.19,24.5,27.0,43.2,0
22.42,31.36,33.99,4.04,31.5,1.98,5.72,71.86,72.7,37.4,55.5,0
4.87,83.48,49.28,3.41,53.42,0.66,8.89,39.05,32.5,18.4,28.1,0
7.09,26.41,5.35,1.95,5.75,0.62,1.47,57.56,60.1,30.9,35.7,0
24.7,51.29,5.21,1.87,1.59,0.42,1.35,47.21,51.5,27.8,49.1,0
18.88,27.46,4.55,3.29,2.38,2.19,6.95,37.79,71.3,28.4,50.4,0
34.06,72.65,25.45,3.16,17.47,0.0,3.34,52.28,40.1,37.5,30.0,0
19.29,62.48,12.44,2.97,2.43,1.32,6.43,41.61,52.9,32.6,34.8,0
15.12,51.83,28.44,3.82,25.25,0.29,5.41,52.63,26.5,28.6,38.5,1
1.77,71.23,43.09,4.86,45.57,2.73,20.07,54.3,22.9,11.1,42.8,1
8.25,14.72,43.43,3.55,44.13,1.02,8.5,63.51,60.9,17.4,63.7,0
5.55,36.63,7.4,1.28,0.14,0.08,6.6,41.19,25.2,24.9,35.2,0
5.03,14.72,41.61,2.26,45.76,1.63,2.86,61.72,48.6,26.8,23.2,0
65.02,63.3,18.08,6.31,17.39,1.95,2.86,54.83,67.2,15.8,68.3,0
8.99,27.18,11.42,2.33,1.17,0.68,8.44,62.75,63.2,45.0,52.3,0
40.07,58.04,10.32,5.88,8.0,3.99,19.64,50.33,42.0,39.6,54.1,0
17.95,33.74,21.94,3.0,17.84,1.27,7.6,42.68,28.2,31.4,34.0,0
28.51,30.28,33.05,3.13,36.05,2.75,4.55,43.65,59.6,26.6,57.4,0
12.57,31.75,10.64,1.85,1.81,1.45,1.43,43.02,72.1,24.1,47.3,0
15.48,32.92,2.5,5.17,2.07,5.72,3.49,58.06,42.1,17.4,31.7,0
12.21,18.71,21.08,2.35,10.24,2.38,1.95,66.55,40.0,26.7,44.3,0
3.91,55.39,45.55,4.11,49.86,0.55,7.54,49.2,44.1,28.3,46.7,0
23.07,85.19,60.41,7.11,52.35,4.69,6.8,59.35,60.6,14.8,57.2,0
5.93,27.14,5.03,2.73,2.57,2.5,1.3,41.05,70.4,29.0,37.0,0
0.44,1.38,11.05,8.77,5.75,9.91,6.09,55.53,33.4,24.6,31.6,1
18.67,35.81,47.26,1.69,40.01,0.31,8.37,59.68,29.5,8.8,55.7,1
3.51,45.13,10.57,2.44,11.68,1.23,6.78,41.69,87.1,18.3,24.5,0
50.78,63.46,48.67,4.14,52.02,1.8,5.1,52.27,49.3,22.3,62.2,0
55.4,65.44,44.13,4.09,33.11,3.03,3.31,60.09,55.8,43.0,46.2,1
44.34,70.02,5.87,8.75,3.25,9.49,8.48,35.0,41.6,31.0,65.6,1
8.32,87.04,27.42,7.02,22.29,2.22,43.12,65.35,59.3,14.0,36.2,1
0.28,25.89,1.45,6.45,0.61,2.5,8.2,57.01,66.4,30.4,47.8,0
47.44,62.6,29.26,3.3,24.95,1.15,7.55,60.09,56.5,12.1,61.3,0
10.06,57.1,9.61,4.7,10.17,0.67,46.64,50.49,78.1,35.7,27.3,0
61.22,80.04,45.94,3.41,42.62,1.01,9.41,39.36,47.1,21.8,76.8,0
59.65,111.1,50.63,3.81,53.64,0.12,7.24,58.54,48.1,25.2,77.4,1
34.51,37.51,4.39,2.41,0.69,0.8,0.81,53.3,55.5,37.9,59.4,0
6.28,13.62,3.04,4.71,2.17,0.42,40.69,54.27,59.0,14.4,30.2,0
8.75,17.26,14.24,3.43,9.23,1.55,0.82,63.24,55.4,13.4,35.9,0
34.29,66.35,35.48,6.0,36.68,2.04,26.11,60.48,32.7,20.7,51.9,1
6.86,31.59,25.69,7.57,25.33,4.03,55.02,70.33,56.7,35.3,31.1,1
3.34,19.19,48.35,2.44,46.69,1.78,5.01,55.31,46.4,12.3,53.4,0
14.65,38.35,13.29,2.91,13.46,1.58,0.75,48.12,43.3,0.5,43.0,0
49.52,83.18,15.39,3.5,4.36,0.71,4.75,52.4,52.5,21.9,30.3,0
21.43,33.88,8.42,5.35,0.4,5.57,8.59,57.53,37.6,31.0,48.0,1
15.19,47.07,9.0,2.25,4.25,0.3,7.24,62.63,35.0,36.8,38.4,0
1.84,15.72,16.62,11.02,17.55,11.74,38.81,41.53,15.0,21.8,35.1,1
17.18,19.22,31.52,3.2,27.27,1.13,2.54,54.07,78.2,22.3,39.0,0
82.99,90.85,5.65,4.45,6.16,0.61,29.03,67.68,60.3,36.4,80.4,1
2.72,6.32,33.89,2.35,26.78,1.0,3.37,51.96,50.2,9.2,47.4,0
13.15,26.65,9.16,1.29,7.77,0.04,4.94,61.91,42.0,22.5,43.7,0
37.77,54.55,6.93,3.15,6.87,0.65,5.51,58.19,15.0,27.7,48.6,1
24.3,30.55,11.12,1.76,11.15,1.2,0.83,62.12,41.1,30.0,45.5,0
21.49,48.74,26.14,5.26,7.04,1.71,31.25,47.12,62.7,21.4,44.9,0
21.82,35.22,33.94,1.53,27.8,0.27,6.84,47.15,66.1,26.3,36.8,0
8.02,37.95,8.87,3.61,8.05,2.55,7.46,54.17,61.6,3.6,44.4,0
6.26,25.1,23.24,3.59,3.76,3.73,5.63,40.98,54.4,20.1,42.4,0
29.83,42.47,20.05,2.9,21.27,1.69,2.94,51.71,71.6,30.1,63.8,0
29.9,35.38,79.93,4.29,80.0,0.93,25.28,56.15,47.1,17.2,61.0,1
36.32,51.42,19.75,2.58,14.82,0.34,1.36,69.17,68.3,26.5,44.5,0
44.0,59.98,14.32,1.94,4.43,0.04,9.08,57.42,46.2,30.0,63.0,0
12.89,37.14,6.76,4.57,4.3,3.88,8.32,59.31,38.8,22.9,31.3,0
12.53,35.03,3.96,4.52,0.98,3.07,1.09,63.9,36.9,27.5,47.6,1
28.82,30.47,6.91,2.82,1.15,1.69,2.0,45.8,36.0,17.3,42.8,0
18.89,55.94,31.89,1.8,32.05,0.25,5.73,52.6,61.9,24.1,33.3,0
21.79,45.39,1.86,4.05,1.79,0.78,37.31,74.62,40.9,31.5,47.6,1
28.6,45.26,17.1,5.59,10.27,4.88,8.91,53.33,36.5,27.4,21.1,0
39.73,59.76,21.59,5.51,17.16,1.71,48.58,63.49,62.7,20.7,35.4,1
7.42,35.9,27.5,7.84,26.88,8.51,2.96,62.19,56.9,28.0,36.6,1
8.48,74.7,4.14,15.67,2.19,15.0,46.3,41.44,66.4,32.4,39.6,1
1.78,14.19,8.85,3.47,7.26,3.61,7.7,56.64,59.7,7.6,32.1,0
15.54,26.18,11.96,2.04,4.28,0.81,4.32,55.25,40.7,36.4,26.2,0
0.66,8.29,11.34,2.32,3.89,0.62,6.28,56.8,53.1,23.0,27.1,0
11.28,12.43,14.2,2.55,4.38,0.62,25.14,47.59,53.9,29.8,44.0,0
14.08,39.33,19.85,10.45,12.48,11.14,26.54,44.51,38.2,36.8,47.2,1
6.08,74.47,8.75,3.86,0.27,1.23,6.58,49.95,35.4,13.7,37.6,0
16.09,29.75,8.61,3.27,7.63,3.27,4.55,53.17,41.8,19.6,53.8,0
0.56,46.31,2.86,7.27,2.46,6.65,2.62,64.07,82.5,23.4,39.2,0
0.69,16.86,56.85,9.55,53.6,5.02,57.71,69.45,45.8,18.9,27.8,1
31.13,70.83,11.69,6.22,12.3,2.34,5.72,65.87,70.5,41.6,46.2,0
8.04,32.67,51.91,1.96,30.85,0.52,7.03,61.31,45.0,18.3,24.6,0
2.45,22.76,14.62,1.71,2.37,0.36,3.05,45.46,65.3,21.0,35.0,0
13.3,24.11,21.79,3.45,19.12,1.35,7.12,50.52,65.5,27.8,52.1,0
26.45,43.95,8.68,6.05,6.75,6.78,2.15,55.78,66.3,15.2,53.8,0
4.38,40.41,6.7,4.78,2.45,5.22,3.55,48.62,57.8,22.4,51.0,0
17.55,26.38,23.19,1.66,16.93,0.37,7.2,58.91,72.7,28.9,39.9,0
1.61,20.4,25.79,3.13,19.25,0.82,6.44,60.12,57.7,23.0,49.2,0
0.96,24.35,55.78,4.1,61.46,1.7,30.98,58.56,77.7,25.2,33.5,0
13.64,47.44,33.9,3.28,26.78,2.19,1.6,62.71,27.7,21.2,55.9,1
14.0,33.84,7.87,1.93,1.91,0.27,0.88,46.31,57.2,12.4,41.1,0
18.26,31.93,5.18,2.69,5.48,1.18,8.04,61.93,56.2,28.9,50.3,0
23.31,44.5,10.21,6.97,8.84,8.39,1.18,48.09,38.0,41.8,60.2,1
67.02,100.63,5.94,8.16,1.83,7.39,1.53,46.0,60.7,26.2,63.2,1
13.07,39.03,24.57,3.67,25.91,2.59,2.64,58.52,29.6,28.0,43.1,1
7.02,25.39,11.58,3.72,11.74,2.96,4.51,64.33,42.2,32.2,51.0,1
28.54,45.43,45.98,3.09,50.99,0.85,7.61,58.15,22.0,14.6,46.5,1
5.69,12.99,23.05,2.73,9.44,2.42,2.73,54.18,75.4,41.3,24.3,0
10.4,42.65,10.04,3.21,10.77,0.14,5.39,56.64,48.5,27.8,61.1,0
1.47,7.4,3.37,1.01,0.71,0.39,1.31,55.16,84.5,40.7,31.0,0
0.46,14.76,2.94,1.19,1.73,0.01,4.68,44.43,64.0,19.4,36.8,0
59.17,67.99,29.52,3.61,23.79,1.08,2.1,43.44,58.7,42.4,73.2,0
32.54,42.0,69.27,6.11,68.78,5.15,2.4,53.33,43.2,33.0,43.6,1
21.43,26.74,17.19,12.78,8.16,11.41,57.64,54.68,36.3,31.0,34.6,1
9.47,19.72,24.34,2.67,20.66,2.42,7.35,54.1,59.8,28.1,41.8,0
3.43,8.7,17.61,5.15,13.6,3.41,38.46,59.75,50.9,23.8,18.6,0
3.06,58.08,49.74,2.2,51.79,0.93,4.23,52.17,31.9,36.8,33.5,0
5.18,17.5,10.04,2.33,4.41,2.24,1.57,58.79,29.2,27.3,39.8,0
14.34,24.25,11.19,3.93,11.62,3.63,3.03,52.77,37.6,8.3,38.8,0
22.57,88.27,13.56,4.8,7.38,1.76,5.05,69.5,79.3,15.9,29.7,0
19.43,20.89,7.56,3.06,7.67,0.15,30.55,54.69,85.2,24.3,59.7,0
5.91,35.2,16.31,4.58,4.93,3.97,16.85,73.9,55.1,28.8,38.7,1
55.77,68.23,13.32,2.59,10.1,0.67,6.24,56.99,54.2,25.5,74.4,0
24.1,29.13,16.74,1.73,13.56,0.26,3.66,52.18,47.0,37.0,43.2,0
14.55,34.35,6.36,4.35,1.21,1.69,24.18,46.35,38.0,8.4,32.7,0
17.03,75.94,22.53,6.31,15.06,0.15,49.83,41.74,72.6,27.3,45.4,0
9.79,38.33,14.66,5.06,11.95,1.58,6.13,45.57,80.1,9.6,37.2,0
5.12,31.64,30.32,5.23,29.97,2.63,15.43,46.52,38.6,32.8,25.5,0
7.92,13.44,8.85,1.48,7.56,0.73,2.9,57.36,50.8,25.1,53.3,0
25.53,31.72,1.61,7.71,0.88,8.34,1.18,49.53,45.3,29.8,40.3,0
0.26,4.98,8.91,3.61,8.5,4.33,4.28,55.59,45.7,18.2,16.7,0
2.22,23.25,1.7,3.51,1.89,0.26,47.2,64.9,69.8,37.5,49.3,0
0.85,21.41,26.58,5.25,15.97,3.93,33.85,53.25,32.3,35.4,30.3,1
0.75,10.72,9.31,1.72,0.69,1.15,7.79,71.67,59.0,31.3,29.3,0
34.82,66.4,6.6,4.13,5.69,2.96,9.43,44.01,62.9,24.8,33.0,0
21.89,24.87,1.06,4.89,1.16,3.92,1.29,52.72,49.9,31.2,62.3,0
11.57,20.64,4.1,1.51,0.04,0.32,4.94,49.42,65.4,19.6,27.3,0
1.85,23.47,44.15,6.97,45.51,2.78,54.25,61.96,54.2,33.7,36.4,1
12.18,17.44,53.82,5.06,49.82,2.82,7.74,35.0,70.3,40.8,49.6,0
11.55,25.59,13.59,5.54,11.66,1.03,2.9,41.73,29.2,35.6,44.4,0
3.42,14.42,15.31,4.43,3.7,0.21,30.01,53.09,46.8,19.4,35.9,0
10.24,33.04,33.96,1.99,37.06,0.08,3.32,67.19,50.9,29.3,22.6,0
9.15,13.49,42.59,1.58,44.29,0.38,9.36,55.92,15.0,14.4,31.0,1
17.22,16.89,39.8,1.61,26.11,0.01,8.59,42.51,35.7,31.2,44.6,0
18.15,22.23,9.56,2.76,10.54,0.96,4.06,43.82,39.8,30.1,35.3,0
0.83,37.92,3.95,3.79,1.08,0.9,8.39,68.22,66.2,9.2,37.4,0
8.45,42.54,3.0,3.71,1.33,0.31,0.79,48.72,41.4,15.5,45.6,0
17.7,24.09,32.58,3.61,31.14,2.62,3.33,45.98,39.7,23.5,52.6,0
12.59,29.71,27.73,10.08,28.63,11.98,7.04,66.56,64.3,23.3,28.4,1
34.94,49.99,21.31,9.49,10.08,7.81,2.49,62.59,27.7,15.1,72.7,1
19.35,21.85,23.02,3.87,7.13,1.0,2.29,64.83,20.9,29.5,51.4,1
3.2,14.48,23.18,5.68,13.15,3.33,43.08,45.92,46.6,28.3,36.4,0
1.32,18.18,23.75,6.51,23.0,7.03,6.04,41.04,30.3,24.3,46.5,1
18.51,17.46,46.05,8.23,20.51,6.89,29.0,55.13,30.9,19.2,67.0,1
0.48,22.23,18.94,4.48,12.19,4.9,1.71,56.85,60.6,35.4,20.8,0
15.86,41.86,5.67,6.33,3.38,3.53,26.04,57.1,65.1,40.9,39.9,0
50.71,66.68,4.63,2.43,4.49,0.94,3.3,66.56,63.8,21.6,34.0,0
15.42,46.23,18.68,2.15,13.42,0.15,8.42,39.26,68.6,20.5,43.9,0
8.84,34.88,26.16,2.51,20.37,1.49,2.8,61.31,70.6,30.4,42.6,0
18.55,52.4,2.61,2.42,2.03,0.17,3.68,44.68,20.1,22.8,43.0,0
11.03,11.91,7.25,10.97,2.74,15.0,1.79,61.27,58.8,24.7,33.4,1
14.2,26.65,40.27,3.19,15.75,1.11,29.76,49.96,44.1,32.7,20.9,0
51.09,51.61,8.79,11.55,7.13,8.44,45.32,47.08,40.8,8.8,61.7,1
8.78,10.09,10.72,5.1,9.51,2.94,43.27,48.82,60.4,37.9,53.5,0
58.48,67.58,27.61,3.17,15.1,1.57,4.42,41.71,26.0,26.7,55.4,0
42.44,74.07,24.4,3.38,26.27,0.42,4.02,54.34,25.7,22.3,58.5,1
3.92,15.52,33.0,1.27,18.59,0.53,2.1,47.43,61.5,25.2,21.1,0
1.29,26.59,13.05,4.02,4.42,2.72,1.7,60.68,59.3,25.7,40.2,0
1.91,47.71,13.1,5.26,11.25,4.69,8.57,59.44,54.1,10.4,31.9,0
0.33,16.56,2.46,9.92,2.15,11.92,1.11,68.35,38.8,39.5,27.5,1
1.79,42.72,21.8,1.86,24.09,0.33,1.39,57.11,63.2,26.4,28.2,0
20.68,56.06,25.8,3.89,25.53,0.42,2.71,58.43,62.2,30.0,40.4,0
1.33,26.06,12.05,1.51,5.24,0.12,9.08,65.9,53.3,34.6,39.4,0
6.91,12.4,6.27,2.2,2.51,0.79,17.35,48.66,34.3,16.8,25.0,0
33.54,30.99,8.88,8.1,0.92,3.89,32.29,41.35,45.6,30.3,46.1,0
0.42,11.29,15.82,2.66,10.18,0.46,17.39,55.7,64.6,23.6,34.8,0
30.32,39.64,5.99,3.24,0.98,1.35,3.9,41.91,71.9,33.6,37.7,0
5.96,21.34,37.33,2.21,18.63,1.82,3.15,74.86,47.1,6.9,55.6,1
2.26,32.47,23.62,2.51,17.55,1.14,6.6,66.37,48.3,25.1,27.5,0
21.48,28.78,28.44,3.36,15.2,2.88,6.82,72.39,49.6,20.6,38.0,1
17.85,46.29,27.25,2.91,28.43,1.72,7.52,54.53,56.1,29.9,33.2,0
37.79,89.91,14.61,3.97,7.9,1.28,7.98,58.68,43.3,30.2,70.0,1
23.91,37.7,41.5,7.21,40.04,3.82,2.92,50.09,15.0,19.6,51.3,1
29.29,48.04,15.93,3.16,0.49,0.76,23.3,61.5,69.9,19.6,38.8,0
5.96,60.51,5.39,2.9,1.22,1.76,1.71,43.67,78.9,25.0,48.7,0
3.52,36.97,7.91,6.18,6.6,6.92,5.1,35.0,42.8,17.9,38.6,0
25.0,32.08,14.67,6.98,13.06,3.47,44.31,47.28,36.0,33.6,48.8,0
29.6,86.0,1.89,3.54,0.45,1.35,1.96,41.63,49.9,22.7,44.9,0
83.83,94.01,14.35,6.55,14.29,4.45,16.31,66.56,49.2,-0.2,65.2,1
9.58,20.07,8.29,4.9,4.97,4.05,2.25,69.43,66.9,22.6,42.7,0
8.37,11.13,35.99,1.33,25.11,0.78,4.29,42.08,52.8,16.7,33.3,0
26.96,33.55,12.4,4.24,12.36,3.72,8.49,64.98,40.1,11.3,65.3,1
7.5,28.41,15.26,2.25,14.69,1.78,5.29,62.09,32.2,14.9,25.7,0
48.06,49.06,40.48,3.87,32.19,3.22,7.24,40.66,65.0,27.0,72.0,0
35.19,39.33,18.64,1.65,17.95,0.77,2.07,50.68,61.0,38.0,49.7,0
10.09,56.22,25.89,5.73,6.89,5.8,1.45,49.07,67.9,28.8,42.5,0
25.02,44.3,11.34,3.56,10.51,2.61,2.66,60.36,37.5,20.5,54.6,1
25.28,26.27,12.18,1.23,9.64,0.64,3.32,43.56,79.6,30.1,40.1,0
1.96,33.77,3.88,2.41,3.65,1.67,5.43,53.16,25.8,21.9,44.5,0
41.91,38.12,30.1,2.12,1.11,0.89,8.43,48.17,62.6,19.7,26.8,0
12.67,32.8,19.01,1.58,6.39,0.52,4.33,58.02,23.4,15.6,33.5,0
31.52,46.82,30.58,2.58,22.64,0.2,21.51,52.16,40.1,10.2,39.9,0
6.94,86.09,4.24,2.69,3.57,0.81,0.54,49.45,75.4,22.5,25.6,0
40.66,74.52,22.57,6.02,1.85,1.45,0.8,52.19,64.5,27.4,51.1,0
8.87,26.74,19.53,2.36,4.05,1.39,1.25,71.31,43.8,25.1,42.9,0
0.2,35.94,17.85,2.37,16.02,0.04,6.79,50.46,44.2,22.3,42.1,0
42.44,38.85,17.61,5.17,11.94,1.92,27.28,45.15,53.5,17.5,56.5,0
1.72,21.31,43.04,4.72,15.24,0.37,53.23,58.96,59.7,31.5,29.1,0
6.92,17.38,7.03,2.01,4.29,0.45,5.83,52.78,70.8,14.1,41.8,0
53.95,67.5,29.47,2.84,31.94,0.32,5.4,41.97,45.2,33.0,60.5,0
54.14,48.39,22.35,3.87,11.35,2.68,1.3,72.97,27.8,17.0,68.7,1
15.34,44.51,12.52,5.43,9.6,0.24,37.05,51.0,54.4,19.2,49.7,0
17.99,42.76,64.08,2.09,42.26,0.77,7.4,50.79,45.1,12.8,43.4,0
10.71,49.97,61.71,4.35,63.23,1.84,28.92,55.36,32.5,21.5,30.8,1
6.25,19.13,14.35,1.24,15.74,0.49,6.69,68.71,56.5,34.8,31.3,0
7.17,38.43,36.35,4.28,35.88,1.29,18.39,39.72,48.8,30.6,32.7,0
20.09,81.38,17.91,3.51,11.46,1.14,7.31,56.35,56.6,34.8,40.9,0
25.13,36.95,5.87,7.76,6.34,6.48,8.71,71.74,38.6,30.7,49.0,1
28.23,29.54,7.59,3.89,4.87,3.64,4.48,55.09,59.3,16.1,54.9,0
28.06,54.79,12.1,11.47,12.31,13.76,2.7,43.5,32.2,23.0,47.1,1
1.72,15.96,17.76,3.82,12.87,1.89,28.45,48.74,39.6,19.0,35.9,0
12.28,18.27,26.13,2.83,8.0,2.15,2.75,55.76,48.4,38.0,42.0,0
1.07,10.25,28.3,5.53,24.92,5.88,0.51,65.31,78.1,15.2,30.3,0
14.35,16.95,12.92,4.81,6.44,1.02,57.73,51.12,63.8,34.0,32.2,0
10.49,16.78,6.57,2.45,3.93,1.76,0.88,61.03,68.2,34.0,22.2,0
39.36,59.47,5.05,2.24,0.08,0.85,2.39,41.8,73.3,42.5,45.8,0
7.78,33.34,32.63,3.13,31.03,1.09,16.73,41.73,90.0,22.3,43.2,0
2.24,12.08,28.11,2.26,21.73,0.19,20.99,49.9,52.6,32.4,29.0,0
2.78,79.9,23.76,8.44,13.44,3.93,37.07,66.22,73.3,45.0,33.9,1
25.8,43.24,26.23,9.57,21.9,9.18,6.44,54.59,67.2,20.4,51.3,1
17.33,39.56,42.1,2.04,20.76,0.15,8.88,56.46,66.9,12.2,48.0,0
1.92,30.41,37.14,4.54,29.52,3.02,29.63,56.36,78.6,9.1,25.1,0
1.58,12.07,7.32,2.54,7.25,0.76,4.24,63.43,45.7,32.4,45.7,0
21.73,55.62,14.73,2.06,11.65,0.58,7.06,48.81,44.5,9.1,56.1,0
1.36,5.29,15.23,2.95,1.36,2.77,6.51,59.85,56.8,22.6,24.3,0
31.05,33.44,56.83,0.98,43.93,0.11,2.54,46.94,49.3,29.9,40.7,0
22.05,29.55,59.81,5.07,63.27,1.73,48.96,70.86,56.8,27.7,56.8,1
1.53,24.46,21.86,1.8,15.67,0.0,7.56,47.2,75.4,29.8,34.2,0
1.6,7.3,10.14,2.35,7.74,1.84,9.11,46.5,44.8,28.0,15.0,0
77.68,72.53,10.5,6.03,10.79,1.82,18.01,58.67,47.4,37.5,56.0,1
8.44,58.46,20.21,8.63,8.06,6.35,35.47,54.68,54.6,17.4,36.3,1
8.33,53.99,20.77,4.83,5.16,3.5,5.94,56.78,48.6,19.9,27.1,0
30.16,31.33,15.6,1.89,12.65,0.43,8.86,55.93,23.3,19.0,44.4,1
52.96,54.94,0.8,2.43,0.77,1.12,6.71,44.73,43.3,33.5,59.2,0
76.84,84.14,77.42,8.88,74.73,7.76,8.68,67.71,62.3,34.1,84.2,1
25.2,51.44,10.2,4.31,7.02,2.92,1.95,61.6,73.6,30.1,43.4,0
8.5,20.82,39.46,3.49,43.33,2.81,7.84,65.55,34.7,36.7,49.5,1
1.57,13.59,17.97,4.19,18.57,2.16,33.22,49.51,34.6,15.4,50.0,0
27.02,66.01,5.57,4.76,5.09,1.39,29.15,57.54,52.5,41.0,61.5,0
14.71,23.27,10.77,3.89,4.24,2.81,5.16,55.68,20.9,39.7,44.5,1
9.94,23.94,74.13,4.65,80.0,4.18,3.36,63.59,45.3,32.6,19.8,1
42.63,64.2,25.32,5.21,27.22,0.48,44.36,63.86,26.0,42.0,58.8,1
2.12,30.64,17.97,9.35,3.32,7.0,32.48,55.64,72.5,11.1,46.4,0
12.21,37.12,19.66,4.39,0.94,0.66,40.27,41.1,40.5,21.3,39.7,0
0.21,25.79,14.42,2.02,15.03,1.33,8.62,69.13,76.8,19.4,52.5,0
11.38,32.93,5.6,2.09,4.48,0.05,9.49,58.73,68.7,32.5,48.7,0
1.04,17.17,8.44,5.08,3.4,1.97,43.98,48.83,42.3,16.5,41.2,0
2.28,39.03,19.98,2.98,21.12,1.43,18.02,57.46,35.9,32.8,46.9,0
2.25,31.81,13.68,4.53,14.04,0.63,50.45,41.16,49.1,38.3,39.3,0
18.86,28.0,11.16,12.54,9.67,11.49,52.03,62.97,50.4,32.3,18.6,1
24.67,36.74,47.87,2.93,33.33,1.13,5.95,41.49,57.2,28.6,41.1,0
15.76,19.83,34.32,5.6,16.25,1.4,40.94,52.12,40.4,17.1,54.1,1
58.94,63.49,38.23,4.18,30.18,1.51,3.99,56.08,63.2,18.4,53.4,0
8.46,14.45,9.76,0.75,2.91,0.31,2.01,62.83,56.0,37.2,36.6,0
6.06,42.97,12.25,2.9,5.11,1.33,4.48,54.91,46.9,33.0,27.3,0
36.53,119.58,5.56,7.66,1.95,1.39,56.66,59.4,41.3,25.6,69.3,1
4.56,10.59,8.87,3.84,4.82,1.49,38.88,53.76,49.2,22.2,53.9,0
59.45,67.63,56.81,8.9,56.41,5.74,55.13,53.73,39.7,7.8,52.9,1
0.22,15.17,46.8,1.1,43.24,0.5,3.93,54.73,52.9,16.4,36.6,0
63.05,55.66,18.47,3.13,19.84,2.36,1.4,52.39,53.3,43.2,56.6,0
0.79,11.83,8.76,2.7,8.03,0.07,18.34,39.66,55.9,14.5,41.5,0
39.92,96.56,35.75,3.01,17.75,0.77,3.31,47.47,78.5,27.7,58.1,0
13.5,33.49,12.67,4.41,11.36,1.64,38.85,56.08,50.0,35.1,49.2,0
89.22,93.16,1.92,3.59,0.05,0.19,20.47,51.88,67.1,14.7,78.5,0
1.38,8.54,11.08,2.91,8.66,1.73,8.75,52.68,55.4,27.7,65.0,0
14.53,46.65,13.6,4.75,12.82,0.95,49.84,51.25,48.4,34.4,31.3,0
62.7,66.24,4.41,10.31,4.27,12.37,2.75,46.66,50.2,26.1,46.1,1
13.33,21.9,4.04,2.88,2.93,2.3,6.98,49.81,51.1,45.0,37.1,0
17.87,47.11,9.94,1.85,4.23,0.67,0.77,51.39,56.2,11.0,27.4,0
21.42,35.41,14.9,1.51,14.87,0.31,1.69,54.04,37.6,35.5,29.7,0
10.91,17.69,8.53,1.89,2.52,0.12,5.0,57.34,30.0,24.4,29.9,0
17.78,48.9,15.32,1.4,16.32,0.22,2.56,52.47,61.8,32.9,33.8,0
15.8,34.87,5.78,2.78,6.14,2.18,7.68,45.25,65.5,30.0,32.6,0
41.66,69.48,16.56,5.89,5.22,4.04,21.95,42.12,63.2,19.4,58.9,0
0.84,18.6,31.53,2.55,25.52,0.49,0.54,75.0,54.3,28.1,30.3,0
5.94,98.06,14.81,3.31,9.15,1.19,2.6,44.4,63.5,9.3,35.9,0
54.07,49.93,5.49,6.7,5.89,0.96,4.46,49.59,62.7,31.4,68.3,0
39.77,119.97,30.44,6.34,32.0,2.92,5.57,58.39,63.8,28.7,45.2,0
10.95,21.33,16.26,3.68,6.91,0.56,39.89,57.07,39.1,31.7,37.3,0
17.42,19.02,28.31,8.23,30.42,8.87,8.53,58.43,35.5,35.5,46.5,1
5.85,27.94,18.67,6.47,9.58,3.22,51.49,50.24,46.2,29.3,18.2,0
3.75,46.07,8.25,7.51,3.32,8.07,2.82,56.03,51.7,27.3,15.0,0
11.22,36.1,20.17,2.53,13.42,0.84,7.55,54.52,48.4,18.1,43.5,0
7.85,9.94,10.95,3.01,5.27,2.59,2.32,51.35,23.8,19.6,43.5,0
15.77,17.12,4.77,2.63,1.7,2.38,9.19,56.09,77.8,36.7,62.7,0
1.46,5.86,3.24,3.22,1.3,3.28,0.55,62.97,47.9,38.9,37.2,0
65.97,67.18,10.24,2.87,3.94,0.06,5.63,53.81,54.6,23.9,72.9,0
77.11,70.95,25.02,11.94,16.83,14.26,1.3,53.87,70.7,26.4,67.7,1
21.56,34.02,30.55,12.05,33.64,9.37,28.55,63.08,16.8,17.9,47.7,1
13.83,14.4,29.43,1.05,29.51,0.35,6.21,62.17,44.3,36.6,57.9,0
6.67,22.21,7.0,7.15,4.9,2.28,53.63,67.46,46.2,32.0,16.8,1
30.26,51.25,17.43,3.09,13.9,0.87,7.57,39.07,47.0,43.5,52.8,0
20.78,60.47,4.39,6.84,4.07,6.12,5.84,61.69,49.4,18.1,65.7,1
3.19,25.38,26.53,4.1,11.41,2.43,2.76,59.11,73.7,22.6,39.3,0
43.53,86.21,30.4,4.25,28.48,0.59,8.5,46.47,62.1,28.1,71.1,0
31.12,49.15,15.92,1.94,0.53,0.08,7.8,56.14,66.4,31.8,42.7,0
53.85,52.05,67.54,2.92,63.72,0.97,1.94,62.93,52.7,24.1,58.9,1
23.28,34.21,25.03,2.8,26.39,0.11,32.87,46.95,31.0,18.1,45.8,1
17.11,25.15,23.03,1.95,24.64,0.5,9.25,57.76,20.8,33.9,20.5,1
9.75,28.68,29.66,5.48,19.79,3.22,6.23,61.41,29.1,32.5,27.7,1
48.58,43.16,20.78,4.34,17.97,2.94,18.39,44.9,57.4,17.8,45.9,0
36.19,76.94,68.67,3.28,76.16,1.69,5.96,52.79,52.5,38.2,59.5,1
0.83,31.69,35.15,6.3,20.91,2.38,55.27,56.56,48.8,36.5,44.1,0
0.48,19.51,8.92,4.28,5.65,0.4,55.18,47.23,46.5,27.2,38.5,0
8.5,97.12,11.75,3.37,10.67,0.73,5.4,46.53,82.2,26.7,47.1,0
29.95,87.67,10.37,7.85,6.68,3.81,43.39,52.85,39.7,31.0,46.8,1
78.56,95.67,56.55,4.11,51.29,1.22,6.06,60.81,65.9,18.2,82.4,1
2.93,22.19,29.69,1.86,32.21,1.09,2.43,59.47,52.0,26.3,36.4,0
16.23,29.42,12.28,1.97,10.68,0.49,7.03,46.68,51.1,6.6,42.9,0
8.63,22.01,18.86,6.02,18.4,1.92,3.21,59.54,69.6,33.9,36.2,0
63.07,63.91,35.32,6.35,27.04,3.2,2.95,46.89,73.9,11.9,70.2,0
33.23,38.61,12.18,6.19,3.49,1.4,57.71,40.31,48.4,39.5,45.7,0
32.8,46.12,12.66,1.39,10.66,0.27,0.61,50.88,64.0,23.0,59.5,0
11.38,50.32,15.21,7.1,9.62,4.91,37.56,63.55,57.5,24.1,28.8,1
9.65,26.27,21.74,2.74,20.81,0.19,5.29,59.58,52.1,20.4,28.4,0
5.75,10.03,10.52,2.1,6.04,1.44,7.46,53.99,55.1,23.4,44.5,0
1.04,15.88,43.78,3.54,17.07,0.76,2.82,50.46,41.7,38.8,34.6,0
36.01,38.56,11.03,6.67,7.15,6.93,7.22,50.69,47.4,3.6,46.7,0
30.17,80.09,28.52,6.48,1.87,3.99,5.6,54.92,43.3,37.5,57.5,1
120.0,104.05,9.57,6.92,1.47,1.94,55.21,44.92,65.5,29.0,82.9,1
102.51,106.63,2.53,7.47,1.95,3.15,41.89,51.04,50.6,15.1,79.1,1
14.59,19.64,9.99,3.18,0.5,2.13,4.94,52.17,32.5,16.3,55.6,0
26.38,38.03,10.32,3.09,10.3,0.39,6.42,42.52,41.1,41.1,62.3,0
52.13,63.58,22.13,5.09,19.53,4.13,0.64,46.87,15.0,17.5,74.2,1
34.11,64.49,7.61,3.16,2.12,1.98,3.21,57.49,44.6,15.6,47.5,0
5.11,17.82,24.57,4.29,12.45,2.37,8.5,54.08,52.6,36.2,49.6,0
10.78,27.98,12.39,1.81,12.19,0.11,7.33,51.38,50.0,29.0,30.4,0
2.49,48.53,13.94,1.66,1.58,0.25,5.33,46.25,81.7,17.6,27.1,0
55.44,93.46,23.77,7.02,8.24,2.65,44.34,67.4,60.6,27.9,36.4,1
16.77,89.84,17.56,4.28,18.89,1.49,4.88,46.88,60.0,16.8,59.3,0
4.67,12.46,13.23,1.62,0.27,0.77,5.6,56.14,27.4,35.9,28.5,0
20.05,93.45,3.99,4.49,2.43,0.78,3.94,49.85,46.5,35.6,42.8,0
17.33,29.58,71.21,5.52,78.56,2.62,44.26,54.31,44.7,30.8,33.7,1
7.98,60.04,38.22,2.36,21.24,0.18,3.37,57.89,40.2,29.3,45.5,0
2.17,36.3,10.61,2.21,8.47,1.4,3.97,42.35,40.0,41.9,32.2,0
20.04,29.91,20.54,3.38,16.31,2.29,9.2,53.94,24.9,26.0,31.0,1
13.22,77.55,35.26,2.91,33.81,1.28,1.5,64.12,32.9,15.4,45.4,1
26.64,72.06,26.46,5.24,27.8,4.79,1.45,68.97,65.1,30.0,32.6,1
13.22,17.27,11.34,0.8,5.22,0.14,0.89,52.89,49.9,44.8,32.6,0
34.41,43.03,9.25,7.68,9.96,5.45,49.22,54.35,44.4,16.9,29.4,1
14.45,43.52,16.14,5.1,16.42,3.9,21.66,72.8,51.9,22.7,27.3,1
14.82,17.63,18.2,3.97,0.93,1.31,38.15,63.65,69.5,29.7,43.5,0
37.67,49.72,53.63,5.91,39.13,6.25,5.44,48.75,52.1,25.5,32.3,0
9.3,48.57,10.35,3.41,7.11,2.69,5.75,48.74,60.1,17.2,24.4,0
2.59,19.89,7.62,11.73,7.23,7.78,53.03,62.13,39.3,36.1,36.1,1
0.53,23.14,31.75,2.57,31.63,1.53,9.28,45.41,42.7,45.0,29.8,0
25.33,60.08,14.26,3.26,1.87,1.66,6.07,63.25,57.3,27.8,66.3,0
17.43,41.45,0.84,2.27,0.45,1.44,1.5,56.84,80.4,17.9,61.2,0
21.92,36.22,13.23,1.55,13.79,0.14,1.3,58.4,73.4,12.1,36.2,0
4.31,56.36,19.27,6.32,6.34,5.58,7.5,51.82,60.7,28.3,42.5,0
2.64,23.23,19.45,3.8,18.03,2.43,19.74,48.65,54.3,35.9,43.7,0
0.26,19.5,1.32,2.44,0.89,2.13,1.96,66.43,73.0,30.3,29.1,0
7.77,58.65,6.47,7.57,6.18,5.94,19.65,51.9,63.9,26.0,23.5,0
16.05,41.04,16.97,14.23,4.58,15.0,7.25,50.51,17.6,20.7,42.1,1
8.96,15.11,21.89,3.85,19.83,0.48,25.57,53.32,36.2,16.2,37.3,1
10.36,17.19,4.05,5.01,3.31,3.17,39.62,55.64,57.1,33.5,35.3,0
42.21,46.45,22.17,6.75,9.66,2.56,52.85,45.24,25.2,34.2,58.4,1
7.71,46.38,34.0,2.58,25.34,1.69,6.16,49.2,38.5,12.1,31.0,0
12.99,47.92,32.37,9.38,35.81,10.12,7.44,48.75,41.5,40.3,29.3,1
27.56,45.8,22.79,6.57,19.53,5.37,22.16,61.18,48.2,31.2,48.5,1
9.09,16.22,8.1,3.21,7.13,2.7,7.13,46.47,47.7,38.6,43.0,0
17.52,29.43,13.88,2.42,10.34,1.03,5.69,39.08,47.7,13.9,31.1,0
35.7,78.86,14.09,6.27,13.47,2.18,32.63,37.28,64.4,13.7,60.3,0
53.75,62.93,27.23,6.07,27.72,1.82,40.38,41.5,48.0,24.7,41.5,0
2.86,19.11,35.64,1.18,33.46,0.81,2.54,65.57,46.2,30.5,30.5,0
47.01,51.27,43.8,3.98,43.51,1.83,8.44,54.14,31.8,42.2,53.6,1
12.2,51.08,22.44,6.27,21.58,0.55,57.19,58.26,67.4,32.4,34.1,0
5.38,14.48,2.79,2.04,2.34,1.89,5.85,58.56,41.9,23.8,31.8,0
11.06,42.78,40.34,4.42,21.58,3.73,9.41,54.48,35.7,16.8,58.7,1
70.45,72.88,22.78,3.49,24.03,0.1,9.37,53.36,55.2,37.1,58.2,0
12.21,39.39,36.44,5.83,33.8,4.37,23.2,62.88,40.5,17.3,64.9,1
7.18,30.13,34.35,1.7,37.59,0.05,0.81,55.24,44.1,40.7,42.6,0
18.06,33.88,16.38,4.55,10.43,1.96,31.95,65.89,55.9,23.4,44.0,1
4.94,19.15,14.39,5.58,15.33,2.25,8.94,59.28,47.1,40.3,42.0,0
1.42,27.11,1.64,6.79,0.09,2.08,43.33,48.75,86.7,32.1,60.9,0
2.48,25.95,16.23,3.73,11.09,3.34,9.49,49.77,50.9,24.8,26.2,0
2.47,13.91,8.56,1.51,7.29,1.06,1.26,47.82,61.3,21.3,24.9,0
2.97,46.47,58.62,1.98,60.06,0.24,5.61,64.35,22.9,22.9,28.8,1
2.69,39.75,31.61,4.9,34.23,3.22,28.68,50.56,39.1,29.9,36.5,1
18.43,24.33,21.93,2.43,22.86,1.87,2.8,47.21,35.7,26.7,26.0,0
3.61,12.7,8.73,2.78,0.88,1.12,9.04,56.72,37.7,20.7,36.8,0
7.63,9.48,5.87,3.78,6.28,0.58,28.54,53.17,58.2,24.5,55.4,0
40.88,69.65,14.9,3.65,15.76,0.3,2.57,56.5,67.5,26.7,54.9,0
11.56,25.32,1.85,2.94,0.45,0.95,29.16,70.06,57.2,6.8,37.3,1
19.82,36.5,3.75,3.65,4.03,1.7,6.99,61.76,48.6,30.1,37.7,0
3.4,12.2,28.32,2.18,30.8,1.67,3.18,54.23,42.5,17.2,45.5,0
3.84,22.95,3.25,2.95,1.41,1.47,20.98,42.03,68.7,15.6,28.5,0
0.75,25.49,1.04,3.21,0.51,0.7,27.37,49.75,83.1,10.8,53.8,0
3.33,8.56,22.6,7.17,11.7,6.14,20.56,60.04,54.0,9.9,55.8,0
5.88,29.45,28.92,2.09,31.68,1.26,1.8,44.05,66.1,13.8,40.2,0
3.51,26.49,36.25,5.47,27.13,1.54,1.44,72.2,57.2,19.6,36.5,0
1.67,51.81,53.18,3.13,47.55,0.11,19.33,54.12,63.3,43.6,46.1,0
2.31,27.54,20.02,3.53,21.54,2.61,9.49,54.42,34.5,21.3,47.0,0
11.12,17.86,7.04,3.16,7.66,2.21,15.96,48.33,44.7,27.6,31.9,0
4.16,12.63,34.44,1.85,37.93,2.02,2.42,58.22,57.9,29.6,31.6,0
8.15,30.21,10.57,4.27,5.79,3.81,2.94,44.16,70.2,27.2,25.4,0
12.6,25.82,13.23,4.85,7.3,4.62,6.07,72.4,39.7,25.3,44.8,1
21.1,51.01,15.82,8.87,11.11,7.28,35.31,65.2,21.5,15.2,51.2,1
0.72,6.11,26.93,1.29,24.72,0.17,7.27,62.37,44.5,39.1,21.8,0
28.92,60.56,26.58,3.38,28.25,0.74,0.58,42.18,67.2,42.3,43.5,0
17.79,37.82,17.6,2.35,7.3,1.19,6.37,55.75,28.2,10.9,29.5,0
1.54,52.55,12.01,4.63,10.7,3.51,6.18,64.28,34.3,16.8,26.7,1
37.23,49.74,55.35,3.42,32.95,1.57,5.16,59.04,54.3,23.5,57.3,0
45.66,47.55,3.49,3.96,0.63,3.55,3.91,45.48,50.3,17.3,48.2,0
1.13,8.92,17.49,3.38,17.4,0.95,7.68,48.47,60.9,30.6,32.5,0
5.84,30.53,21.68,2.45,9.11,0.7,3.59,50.16,33.6,19.4,21.4,0
29.54,31.61,10.76,1.48,6.37,0.84,2.57,48.87,47.1,45.0,50.2,0
24.83,97.05,15.66,4.34,8.87,0.56,3.29,66.99,69.9,36.7,45.7,0
3.67,20.66,9.61,3.21,7.18,0.52,4.46,37.67,34.1,27.9,29.4,0
4.23,58.58,29.1,3.09,17.81,0.55,2.43,59.58,74.2,35.2,35.0,0
8.33,11.05,46.75,3.83,35.29,0.04,53.39,43.02,36.0,36.0,40.6,0
11.93,11.28,9.95,7.71,7.23,2.27,29.52,45.83,64.7,20.9,32.2,0
17.33,25.38,20.9,1.76,21.38,1.07,5.86,36.92,46.4,18.7,28.0,0
8.29,33.82,23.92,1.67,19.63,0.06,4.52,49.33,34.8,26.7,56.8,0
11.18,31.19,24.3,2.25,6.38,1.38,7.67,66.84,44.5,33.8,33.7,0
24.77,33.17,16.21,5.47,11.52,5.49,7.23,56.25,60.2,27.3,45.2,0
0.67,27.07,30.61,4.0,13.46,1.54,3.8,43.81,51.9,11.8,45.4,0
5.24,20.73,2.8,8.79,0.3,9.6,5.94,62.65,68.8,18.8,72.6,1
22.49,25.82,20.41,3.39,6.24,1.7,7.07,64.47,73.5,25.3,32.7,0
40.6,95.14,72.72,10.19,80.0,10.81,2.71,54.88,34.3,25.3,57.8,1
12.9,11.99,18.31,5.26,17.38,0.73,39.39,71.3,33.2,43.8,33.7,1
13.67,35.72,10.18,2.0,6.76,1.07,1.45,60.98,32.4,13.5,35.8,0
2.04,22.4,10.36,3.51,4.45,3.47,9.39,59.8,38.5,30.6,28.7,0
10.68,30.16,4.41,9.78,2.57,8.07,45.46,47.17,68.6,39.4,28.5,0
13.69,53.02,21.9,4.74,7.13,4.41,2.02,59.33,60.4,45.0,40.7,0
5.0,11.99,16.76,3.71,3.04,2.08,31.77,55.84,43.8,22.4,22.5,0
5.65,12.16,11.42,3.09,1.98,0.22,8.29,58.42,51.8,30.4,47.0,0
8.53,48.7,5.25,2.71,5.02,0.86,3.7,48.18,73.1,31.1,39.4,0
0.36,31.23,9.44,3.5,9.94,0.16,7.42,55.09,80.6,27.8,39.4,0
7.0,58.86,6.0,3.0,2.07,0.87,6.58,47.06,55.9,25.1,33.5,0
4.28,20.56,9.31,1.46,0.68,0.83,6.25,35.75,15.0,29.9,33.3,0
7.14,22.56,1.23,2.81,0.49,1.24,24.35,62.49,56.5,3.2,41.1,0
2.3,40.41,9.17,7.15,3.35,3.32,35.77,41.23,66.0,32.1,24.4,0
39.82,81.77,7.29,4.04,3.09,0.44,32.28,54.91,55.4,27.1,49.3,0
16.21,20.56,16.46,2.25,9.65,0.81,7.96,56.83,62.9,24.0,33.7,0
20.46,90.59,11.59,4.24,9.07,0.83,23.29,56.78,57.4,44.4,35.3,0
28.02,37.52,12.54,2.92,6.06,1.01,7.64,51.59,33.5,19.9,26.5,0
12.42,34.48,25.81,2.42,27.52,1.28,8.41,56.31,38.7,22.4,54.0,0
1.64,31.95,10.68,1.4,10.25,0.75,2.33,58.0,47.2,43.9,28.9,0
13.86,53.95,15.16,7.19,1.27,6.78,3.37,60.25,68.0,18.5,52.9,0
15.91,47.67,7.76,4.97,5.96,1.76,40.86,68.73,40.5,21.0,52.8,1
24.63,42.39,69.03,1.87,48.47,0.29,1.48,55.99,58.8,24.7,33.2,0
10.17,42.55,45.93,3.62,50.71,1.53,7.07,54.54,56.6,33.6,28.7,0
2.46,17.08,6.68,1.68,2.86,0.32,1.73,46.29,75.8,27.9,61.7,0
6.01,17.79,4.62,1.22,2.51,0.61,0.97,57.71,51.4,14.4,55.2,0
8.12,27.82,43.53,2.91,11.61,1.08,7.48,59.67,25.7,21.2,38.3,0
18.69,62.11,35.43,4.18,8.64,0.31,8.64,52.37,61.7,20.5,46.0,0
15.22,43.0,6.84,3.82,5.81,2.4,7.38,58.63,84.1,25.3,35.5,0
7.92,20.73,9.9,5.82,8.93,3.24,36.22,51.51,62.7,29.8,42.9,0
77.51,84.85,12.34,4.96,4.48,1.61,5.86,59.7,40.2,29.8,62.7,1
16.75,54.07,15.08,5.79,2.06,3.72,8.49,61.76,35.8,10.0,22.2,1
4.87,28.94,18.67,3.76,13.48,1.47,29.91,61.64,37.7,35.6,24.0,0
1.93,24.22,36.99,5.13,27.76,0.31,9.39,55.0,82.0,28.3,36.1,0
2.99,25.5,2.11,1.49,1.91,1.16,1.43,45.16,47.1,38.5,25.0,0
5.08,11.47,20.94,5.55,16.44,1.98,7.78,48.8,42.1,30.0,36.6,0
3.15,5.97,14.36,3.53,7.92,0.1,53.2,59.06,49.6,35.9,25.7,0
3.72,46.24,6.58,4.22,5.91,3.42,5.73,74.81,47.2,30.2,28.8,1
6.04,25.93,27.27,6.28,20.27,2.41,39.33,51.1,75.5,38.1,46.3,0
3.43,26.35,25.84,5.26,9.47,5.69,8.06,57.87,36.8,30.7,39.0,0
40.87,49.12,22.82,3.57,10.14,0.22,36.35,49.27,69.7,25.1,53.3,0
1.51,54.8,8.54,4.94,7.61,0.0,49.73,45.72,53.8,45.0,44.5,0
13.38,24.72,3.17,2.63,0.91,0.14,17.17,48.25,70.1,34.0,45.8,0
9.51,24.24,11.31,3.07,7.95,3.56,0.65,36.3,75.7,31.2,53.7,0
72.7,104.27,9.22,6.11,9.1,4.6,1.69,65.5,53.3,14.5,63.1,1
2.14,15.54,19.4,6.36,1.03,3.54,51.5,35.04,47.3,14.4,31.7,0
9.13,31.46,11.82,3.06,11.96,1.72,15.45,51.76,53.0,28.6,26.1,0
62.8,59.21,8.72,3.47,0.13,1.78,4.78,43.99,50.6,27.3,59.0,0
36.11,40.11,5.78,2.17,3.64,1.03,7.32,46.48,27.1,20.5,60.9,0
30.58,30.93,22.18,4.14,18.95,4.08,4.88,65.7,75.3,27.3,61.8,0
5.37,26.15,0.75,4.85,0.51,4.21,5.5,55.71,55.7,40.3,47.0,0
3.37,25.53,14.76,3.22,14.87,1.3,1.5,45.79,34.6,32.3,18.6,0
19.88,40.59,47.99,4.94,49.4,1.25,42.01,48.99,21.0,15.7,54.8,1
47.71,57.17,9.69,4.83,3.23,4.38,7.32,47.49,17.1,25.0,38.1,1
14.65,29.79,14.97,1.8,6.61,0.06,3.27,53.63,63.6,18.8,50.6,0
15.26,24.67,11.41,6.25,12.47,5.26,3.46,55.47,42.7,22.5,38.2,0
5.91,19.95,9.57,2.38,9.53,1.76,2.48,70.11,45.2,22.3,44.7,0
26.41,28.59,17.23,2.38,10.42,1.06,7.82,37.71,59.3,21.7,33.6,0
3.73,29.62,16.73,6.91,7.41,2.9,7.22,53.7,44.3,14.7,48.4,0
7.04,41.28,3.45,3.71,2.03,2.33,5.98,51.32,60.2,24.9,23.5,0
9.97,26.29,2.76,4.88,1.33,0.81,41.56,62.05,53.4,21.0,32.8,0
12.75,28.24,17.72,6.69,19.08,7.31,2.05,57.02,50.7,-0.4,30.8,1
5.0,25.89,5.04,10.21,4.51,13.4,0.95,59.02,28.4,44.5,19.7,1
2.2,54.42,26.87,3.08,29.8,2.21,0.91,56.93,39.7,35.8,36.9,0
16.98,33.42,19.67,4.13,15.91,1.68,22.85,46.08,61.0,22.6,60.7,0
6.13,25.5,14.77,2.8,0.8,2.38,1.4,64.3,41.8,26.2,64.4,0
15.67,105.22,3.89,4.31,3.24,1.76,5.5,60.79,70.1,15.5,43.0,0
3.02,19.49,11.59,5.82,3.6,5.07,31.14,61.78,87.2,41.3,47.5,0
11.81,36.0,16.43,3.29,12.58,0.71,4.5,64.74,61.8,43.1,42.6,0
13.69,36.81,34.43,3.05,19.51,0.23,5.85,57.55,74.4,27.4,46.1,0
0.96,16.01,10.36,5.76,0.84,6.48,6.43,66.59,62.8,35.2,32.0,0
7.39,33.49,15.34,2.54,4.27,0.66,6.33,57.21,44.0,27.6,40.3,0
2.6,7.5,11.38,3.67,5.85,3.03,21.1,52.14,55.0,14.0,41.5,0
1.18,18.36,11.83,1.69,2.02,0.38,7.79,53.94,82.2,22.3,29.7,0
82.82,79.61,13.71,9.34,12.35,9.43,8.76,53.8,44.1,27.2,71.5,1
7.0,33.67,10.05,4.78,9.6,4.26,3.34,49.59,36.4,21.9,37.6,0
29.88,29.85,20.44,9.94,6.47,8.1,53.21,67.87,35.0,24.0,56.7,1
5.29,36.53,17.35,9.82,10.45,7.93,49.7,56.52,48.7,25.2,26.7,1
20.59,18.4,6.48,2.26,6.56,0.24,24.0,54.81,36.9,25.3,43.8,0
25.71,48.28,16.54,1.98,4.93,1.16,0.96,57.3,77.1,26.5,65.7,0
16.3,21.74,6.87,6.57,4.78,3.01,34.13,75.0,55.2,16.5,54.0,1
11.48,21.92,9.55,4.95,8.25,2.9,41.64,44.38,66.6,19.5,53.7,0
9.55,24.8,12.73,1.45,7.64,0.64,3.21,46.82,47.5,14.4,39.5,0
7.72,61.69,7.95,7.05,3.23,6.71,8.73,42.27,34.9,34.8,41.7,0
47.75,48.39,4.82,3.98,0.21,0.74,35.62,52.02,32.4,7.0,66.5,1
31.96,46.74,4.07,8.3,2.57,5.89,42.84,56.09,38.4,36.4,65.0,1
60.36,96.44,19.84,5.95,0.62,1.88,34.16,50.04,57.2,38.5,42.6,1
2.39,22.28,24.06,1.96,6.75,1.51,2.85,49.41,59.8,23.3,22.9,0
23.63,49.45,3.06,3.39,3.37,1.11,24.68,55.21,61.0,2.6,58.7,0
50.15,83.57,10.74,2.37,9.18,0.35,2.58,49.73,29.7,22.7,54.8,0
3.6,14.98,5.12,3.66,5.38,1.03,35.43,56.64,52.0,25.4,29.9,0
1.24,14.21,22.44,5.18,12.27,1.66,37.91,63.47,36.6,16.9,23.0,1
24.33,28.36,28.74,1.92,17.42,1.59,1.56,59.75,58.0,21.4,40.4,0
15.38,58.57,12.86,6.86,9.42,3.56,37.11,61.49,59.2,39.8,27.9,1
33.19,89.06,12.03,5.81,1.16,1.51,25.98,63.23,34.4,32.0,70.8,1
2.71,8.07,7.48,1.54,0.21,1.06,6.22,56.4,66.5,17.7,36.0,0
28.55,48.65,6.34,5.15,2.43,3.97,6.9,52.65,87.1,11.6,47.3,0
4.05,15.49,8.2,3.6,6.1,2.63,8.43,47.44,64.5,23.1,42.7,0
3.22,15.38,2.4,3.67,0.6,0.05,39.52,50.67,49.6,24.1,46.1,0
3.23,33.28,6.66,5.62,5.4,4.11,4.04,49.55,47.3,30.5,45.9,0
30.33,46.61,34.5,10.64,32.83,12.82,3.73,60.22,48.9,21.2,59.4,1
19.7,45.28,2.41,7.39,1.46,8.12,8.12,56.95,40.6,30.6,37.6,1
13.33,71.05,41.03,6.11,44.3,4.99,7.01,59.92,55.8,43.4,38.0,1
8.0,32.09,24.94,3.08,27.64,2.58,8.65,44.14,34.9,33.3,46.3,0
37.75,63.4,36.03,3.76,33.7,1.19,20.45,66.17,23.7,25.6,46.7,1
8.97,47.52,54.75,5.42,26.33,2.52,15.09,50.37,55.3,24.4,39.0,0
30.53,36.99,14.14,4.61,1.05,2.65,22.69,44.65,52.3,22.8,52.7,0
10.41,42.29,9.45,2.37,2.35,0.87,6.19,50.27,43.4,36.6,47.5,0
8.52,19.62,11.55,1.5,2.57,1.01,1.97,75.0,32.8,20.4,21.1,1
11.18,15.88,4.54,1.41,1.45,1.1,0.98,50.7,56.3,26.4,47.2,0
6.46,32.4,7.43,5.45,5.9,2.81,43.73,51.24,37.1,26.5,35.6,0
24.78,28.15,24.32,2.94,23.96,0.85,5.32,52.37,49.9,21.5,53.2,0
12.57,31.63,3.28,5.41,3.08,1.45,5.64,52.74,78.5,13.6,48.4,0
4.76,21.49,8.92,4.59,3.21,4.54,5.49,47.36,61.8,28.9,53.2,0
41.37,84.93,18.73,3.19,19.53,1.15,7.29,55.22,31.5,25.5,67.2,1
8.72,14.46,10.13,8.77,1.66,10.34,1.81,63.14,32.9,30.5,52.4,1
14.12,37.4,6.82,3.98,6.17,1.61,6.03,56.67,54.3,21.2,55.8,0
42.65,46.33,6.29,3.65,5.27,0.3,4.73,44.56,31.4,37.0,57.1,0
17.62,19.44,46.16,1.84,30.26,0.17,8.57,51.07,22.0,18.1,43.3,0
2.24,4.34,8.1,1.54,8.26,0.82,5.18,49.31,60.0,41.4,44.7,0
50.59,50.31,16.89,2.93,14.16,0.74,8.99,54.45,56.8,10.3,65.1,0
17.79,22.12,2.12,4.02,1.93,4.72,3.68,65.31,58.8,29.9,39.9,0
7.34,8.81,30.06,5.58,32.77,2.93,42.5,52.73,55.9,30.3,42.4,0
2.7,38.9,10.85,6.12,5.37,5.4,8.38,53.25,51.0,18.8,35.9,0
28.44,67.56,25.2,6.07,21.36,2.95,25.29,69.11,42.1,29.8,39.3,1
17.42,25.43,38.81,2.42,41.69,1.39,3.68,61.45,59.7,37.5,55.7,0
13.72,25.68,19.75,3.23,8.21,0.63,21.52,58.88,74.9,6.0,41.7,0
40.38,50.79,18.03,4.34,11.96,2.8,7.45,70.64,44.5,30.5,73.7,1
27.97,63.61,4.0,6.25,2.07,3.01,45.17,58.16,36.7,3.6,31.3,1
2.96,42.91,7.8,3.89,6.76,1.24,4.11,37.11,35.0,17.3,30.8,0
6.72,30.78,35.62,7.53,30.22,8.14,6.22,61.08,39.0,40.7,38.4,1
5.14,28.83,9.45,3.53,1.68,2.04,7.1,40.47,55.0,20.8,48.7,0
24.52,33.88,40.31,7.88,43.72,6.07,43.48,57.84,19.9,15.4,50.0,1
0.61,3.01,12.84,5.05,11.4,1.68,30.8,39.43,58.6,24.2,38.4,0
15.19,28.88,7.36,1.84,6.55,0.8,1.35,50.03,61.7,44.6,30.6,0
25.87,67.26,14.21,7.16,13.47,4.31,29.76,50.91,25.0,9.5,35.1,1
37.69,43.53,4.19,4.15,2.39,0.71,4.34,47.45,37.3,16.5,55.2,0
7.54,21.23,25.21,4.36,3.14,2.07,7.73,51.03,53.2,39.5,24.8,0
30.99,60.72,13.07,6.38,5.28,1.5,53.98,62.78,49.8,42.7,43.6,1
2.11,16.11,14.16,0.77,5.64,0.33,0.66,47.93,59.8,25.1,41.0,0
33.73,45.13,34.69,4.7,36.37,1.45,4.85,58.63,49.9,14.8,40.4,1
2.45,37.01,4.42,5.16,4.91,0.67,9.47,45.79,71.0,44.9,52.2,0
9.11,10.19,9.26,0.73,9.89,0.29,3.64,52.39,47.2,40.3,51.3,0
28.73,31.25,7.29,5.21,2.73,5.0,9.15,56.75,37.3,32.1,32.2,1
2.92,67.25,20.25,3.58,20.26,1.95,1.41,45.53,36.0,18.7,27.0,0
4.69,38.73,9.61,1.63,9.24,0.82,2.06,42.85,63.0,25.6,15.0,0
23.06,57.6,7.99,3.19,8.53,1.91,7.02,58.18,52.4,24.6,37.6,0
22.92,44.07,49.68,4.41,41.29,3.59,5.01,63.55,61.5,29.0,53.0,1
18.45,42.58,31.01,4.05,28.35,0.04,7.39,53.33,61.2,39.1,39.2,0
21.31,29.95,16.48,2.87,17.56,2.43,8.27,50.11,21.7,33.9,49.2,1
14.08,27.87,44.19,4.04,39.4,1.88,2.76,55.32,34.9,16.3,26.1,1
5.22,43.24,20.12,10.47,12.96,6.49,53.72,54.47,36.7,38.4,45.3,1
7.64,20.0,25.45,3.9,26.0,2.22,5.97,56.06,39.8,28.8,32.9,0
3.61,14.57,6.71,1.39,6.06,0.29,8.25,35.0,45.7,32.2,36.7,0
43.04,56.06,11.03,2.73,1.05,0.98,4.37,44.91,67.0,39.2,53.4,0
15.76,38.12,53.16,4.88,56.4,1.81,40.23,46.82,70.0,16.0,29.4,0
9.22,55.05,13.7,4.0,2.68,0.13,5.67,55.28,47.6,25.7,27.6,0
11.16,114.27,4.54,9.04,4.74,6.66,21.42,55.58,48.2,21.2,49.7,1
52.97,53.67,6.71,4.22,2.84,0.21,48.2,59.41,41.4,11.9,62.8,1
3.0,34.53,6.29,1.23,5.67,0.08,2.66,56.19,53.3,29.1,46.8,0
15.88,34.7,10.38,1.47,4.1,0.0,3.34,42.94,55.0,45.0,45.4,0
12.69,13.99,46.29,5.83,12.22,2.75,19.55,66.3,64.1,9.4,42.1,0
17.02,68.87,75.19,3.55,80.0,1.63,3.41,64.81,64.0,25.7,25.4,1
0.33,14.76,1.39,1.66,0.84,0.31,2.65,43.31,17.5,31.8,32.4,0
37.02,45.25,21.99,5.07,21.89,5.17,6.34,56.83,49.7,27.1,51.4,0
48.42,95.55,14.86,4.2,1.71,0.5,0.92,48.94,72.8,25.0,76.3,0
14.99,31.74,8.97,5.41,0.29,1.04,57.56,55.18,45.4,14.3,48.6,1
21.47,62.22,14.08,4.0,13.89,0.48,4.17,62.95,69.1,28.1,60.0,0
46.03,55.58,49.81,7.77,34.87,8.36,3.7,72.11,47.4,19.2,61.7,1
22.11,47.63,8.37,4.83,2.81,3.78,3.62,60.39,54.6,6.3,37.8,0
2.98,20.56,6.9,3.63,6.44,3.69,1.48,56.51,34.9,36.8,37.5,0
15.46,23.09,7.55,0.94,2.73,0.12,3.75,51.11,35.5,34.6,44.3,0
16.8,43.78,31.17,2.87,30.63,1.71,7.68,55.55,62.9,26.5,33.2,0
9.93,42.87,14.21,2.76,4.37,2.16,4.22,65.56,65.2,28.1,35.6,0
24.0,40.43,9.8,2.54,8.07,1.2,5.78,53.62,52.4,35.7,43.7,0
49.03,44.17,42.81,2.69,33.71,1.07,1.97,46.47,33.6,28.0,73.1,0
46.76,46.81,18.91,4.22,9.87,4.12,1.13,40.23,52.7,34.1,35.2,0
10.79,22.1,35.5,1.56,31.96,0.05,8.42,58.36,70.9,23.3,51.9,0
2.16,53.39,29.09,3.27,30.33,1.98,3.48,56.1,78.1,37.8,26.6,0
75.41,83.28,29.35,3.63,9.16,1.37,3.65,48.51,47.2,28.9,55.2,0
32.86,78.86,19.34,6.83,16.19,3.92,37.26,62.72,27.1,27.7,61.6,1
2.4,42.39,17.13,2.28,3.16,0.47,6.87,50.41,64.6,14.6,43.4,0
45.65,52.56,62.02,2.46,67.29,0.72,7.31,52.86,47.9,28.6,68.1,1
36.71,54.46,28.3,5.83,4.13,1.99,50.79,53.86,66.1,18.5,59.5,0
13.17,46.24,28.27,8.28,20.12,9.23,1.45,51.02,56.2,20.3,61.5,0
16.1,24.11,22.96,8.35,5.64,10.23,9.12,56.0,38.7,18.7,47.8,1
9.16,40.98,6.47,3.82,5.6,0.79,8.68,63.79,52.9,16.4,37.6,0
1.01,31.28,4.4,3.16,1.13,0.19,2.63,44.29,71.6,45.0,38.9,0
7.35,16.16,10.88,3.25,11.41,2.26,7.74,58.15,49.8,38.0,50.7,0
29.23,53.25,4.92,2.86,4.49,1.63,4.18,55.46,36.5,43.3,40.4,0
0.08,18.54,4.31,6.55,2.56,4.28,40.32,55.31,28.2,15.0,28.5,1
7.3,11.84,21.68,5.32,3.9,2.11,48.63,61.41,40.4,26.6,35.2,1
9.14,20.7,10.24,3.58,4.05,1.82,24.76,54.42,45.8,14.4,18.1,0
13.88,24.33,10.19,3.63,8.81,2.31,20.52,58.08,64.3,19.7,42.6,0
45.43,96.38,26.37,4.7,8.69,0.46,35.75,60.08,35.2,17.7,36.6,1
7.65,13.69,8.79,1.98,0.79,1.89,2.69,49.71,75.3,37.2,39.0,0
7.67,18.0,25.07,2.89,12.02,1.96,4.57,56.54,31.9,22.4,47.1,0
24.08,47.02,29.67,5.14,15.5,2.83,6.51,51.87,87.0,35.6,41.1,0
10.83,30.04,16.51,3.98,9.08,0.27,46.87,52.87,77.9,31.4,56.6,0
4.58,20.99,43.75,1.25,46.76,0.81,1.99,51.26,54.1,45.0,22.5,0
10.84,26.06,35.64,7.65,1.73,9.37,8.54,58.0,27.3,12.7,51.8,1
2.73,40.6,24.03,2.99,24.08,2.05,4.01,54.69,51.2,37.3,43.0,0
3.49,13.07,15.63,5.75,9.94,6.82,8.09,57.35,46.2,36.3,19.4,0
12.42,18.24,21.29,3.33,11.24,3.3,5.11,53.85,32.9,17.2,67.7,0
9.77,10.71,8.35,4.84,7.99,4.84,16.94,40.36,56.4,35.1,38.8,0
44.34,51.21,11.11,3.16,6.08,1.1,6.47,54.27,39.6,29.0,46.2,0
8.1,12.85,7.87,1.57,5.61,0.25,5.08,54.54,41.3,24.0,24.6,0
15.64,28.82,14.34,5.69,14.06,4.16,3.31,56.06,48.9,18.6,39.8,0
18.01,18.74,0.63,4.71,0.62,4.0,9.22,48.95,43.4,19.5,41.8,0
0.24,15.54,19.37,1.87,7.82,1.33,7.71,43.84,83.2,44.4,36.1,0
19.61,41.7,18.68,6.16,19.78,2.47,40.95,59.31,44.0,26.0,40.8,1
3.53,22.31,17.52,4.53,5.44,5.37,2.0,51.67,58.6,33.0,42.9,0
58.43,80.87,8.78,3.75,3.63,0.53,15.81,55.46,54.2,18.9,57.4,0
2.9,45.44,8.65,3.58,3.14,2.25,15.93,51.61,57.3,19.0,17.0,0
9.64,32.74,11.58,3.95,1.1,0.12,53.2,53.95,58.4,35.7,37.8,0
1.61,21.04,5.24,1.69,1.07,0.3,8.74,50.18,65.2,13.9,15.0,0
103.83,115.38,5.01,3.81,2.63,1.52,1.63,45.77,56.0,22.3,85.3,0
12.56,35.85,1.14,4.64,0.27,4.32,9.07,58.03,55.4,26.3,30.9,0
16.29,49.11,8.78,4.06,4.13,3.17,7.21,48.87,52.9,27.0,44.0,0
1.25,21.75,9.35,8.22,5.01,9.07,3.62,55.39,49.9,24.4,48.7,1
24.95,27.73,74.09,1.22,80.0,0.13,3.24,57.49,38.3,29.6,36.7,0
4.24,45.16,63.42,2.73,64.36,1.16,6.29,49.01,51.1,32.2,47.5,0
41.1,38.62,5.74,2.64,2.52,0.37,5.84,43.77,55.6,32.6,49.2,0
4.13,36.7,13.18,2.72,3.72,0.11,28.11,74.62,58.0,17.1,54.4,1
3.81,29.93,12.66,2.89,8.6,0.69,7.4,49.51,54.7,23.4,33.1,0
0.67,27.78,18.38,2.88,2.33,0.75,5.36,59.3,48.5,36.8,26.9,0
11.5,30.91,14.24,6.92,10.96,1.59,26.07,70.49,51.1,34.1,47.0,1
14.98,23.83,20.02,1.63,7.68,0.42,5.83,60.71,43.7,13.6,37.4,0
1.22,19.37,8.81,2.31,4.88,1.47,8.15,51.45,56.7,29.2,27.1,0
26.89,68.52,28.01,7.81,25.67,6.92,8.07,53.43,48.7,8.2,42.3,1
10.87,37.08,22.69,3.54,22.16,3.08,8.77,46.92,54.7,26.4,39.4,0
13.38,39.43,55.04,4.0,57.74,4.33,1.11,61.49,67.0,43.1,54.4,0
10.46,55.33,19.84,5.3,4.02,4.87,5.75,58.81,41.4,17.5,20.4,1
9.22,58.01,26.77,3.4,28.06,1.13,4.72,49.63,61.0,18.5,39.4,0
14.76,46.81,9.71,3.41,9.93,2.83,4.91,45.14,52.5,32.9,47.9,0
3.04,72.1,18.76,5.7,9.02,2.34,28.41,42.77,82.3,12.1,38.3,0
3.61,30.78,35.56,1.85,33.78,0.63,8.04,62.39,48.8,20.3,49.7,0
35.62,64.46,36.64,5.82,38.48,4.78,3.37,55.02,62.4,31.4,50.3,0
52.58,84.19,21.12,3.84,19.69,1.72,4.66,55.83,52.2,20.3,56.8,1
8.41,55.64,10.47,1.5,6.67,0.05,2.31,47.0,31.2,23.9,44.7,0
5.68,13.99,12.92,2.29,8.37,2.27,2.77,41.56,44.2,32.7,38.6,0
18.59,21.82,21.4,4.24,12.3,2.6,29.89,62.18,65.2,29.8,39.5,0
9.46,14.99,25.03,1.98,24.46,2.02,1.55,54.36,45.5,28.4,44.4,0
0.46,13.98,23.75,1.5,18.86,0.8,2.19,61.71,18.7,22.9,28.7,1
3.06,43.04,16.34,4.86,6.16,1.61,5.25,50.72,51.5,29.3,30.3,0
22.66,35.81,18.54,5.06,8.22,1.44,41.09,51.99,35.6,24.9,39.9,1
19.36,34.9,2.42,8.98,0.73,9.52,1.64,60.06,54.0,30.1,57.2,1
0.49,6.44,28.53,7.07,28.83,3.33,24.34,60.22,75.3,21.5,15.0,0
4.52,10.53,6.47,3.57,1.16,3.21,8.12,60.78,63.5,24.4,41.0,0
4.73,17.25,21.16,1.06,9.05,0.35,3.63,51.49,75.0,17.1,37.5,0
20.06,27.7,37.09,3.71,30.79,1.12,3.63,59.22,43.6,25.7,27.2,0
0.36,35.03,12.65,3.19,8.21,1.33,8.93,63.43,49.9,18.7,38.3,0
1.98,7.67,45.73,4.03,23.35,1.81,0.73,53.11,36.3,16.0,40.6,0
28.96,32.05,24.22,2.9,23.06,0.08,22.14,49.64,41.7,28.3,53.9,0
3.54,28.13,12.0,6.17,1.01,2.76,41.46,65.41,38.1,27.9,15.0,1
19.04,32.91,17.42,6.7,7.99,1.23,57.23,48.44,32.4,33.0,57.2,1
4.9,19.79,26.7,3.28,13.76,1.68,9.07,59.35,72.5,22.1,29.8,0
1.89,41.7,34.84,1.82,9.4,0.03,3.7,53.5,20.6,29.7,42.7,0
5.02,20.26,10.63,1.62,7.25,0.57,4.44,38.35,72.6,31.0,44.7,0
23.06,40.15,11.83,5.03,11.7,3.39,6.54,63.59,70.7,30.0,36.6,0
34.85,42.95,5.3,5.85,1.77,1.27,48.47,35.0,59.5,18.6,57.3,0
31.92,45.61,18.09,4.58,7.28,3.86,8.52,37.13,35.3,27.3,45.5,0
9.11,43.29,11.29,4.6,0.49,3.86,6.5,58.48,28.3,29.3,18.4,0
19.85,31.55,4.64,5.73,2.43,5.35,8.21,58.48,43.8,26.1,55.6,1
4.13,26.51,7.91,0.7,8.46,0.02,1.27,48.58,61.4,7.2,29.1,0
6.24,20.15,14.57,1.42,11.44,0.73,3.89,55.26,52.0,27.4,29.3,0
40.8,36.97,5.72,2.4,2.07,1.87,0.62,35.0,36.3,45.0,49.3,0
0.24,11.12,15.65,7.14,16.79,5.89,18.08,60.01,69.2,22.8,37.8,0
1.61,14.4,13.99,2.44,4.98,2.05,6.17,56.12,77.3,19.4,35.2,0
4.19,23.98,33.22,2.72,34.69,1.51,8.47,53.61,48.6,29.4,42.4,0
0.48,31.04,12.14,2.71,6.58,0.34,6.2,54.18,53.6,28.8,21.8,0
3.6,20.27,3.01,2.52,2.63,2.07,6.48,58.19,29.4,36.7,29.2,0
15.75,27.83,29.84,1.86,20.02,1.5,1.43,53.75,45.8,14.7,40.9,0
9.85,32.64,16.28,5.42,9.12,2.78,6.48,38.07,59.7,32.6,58.4,0
40.17,53.84,9.92,3.55,7.74,1.58,4.59,72.67,57.3,31.3,51.9,1
30.61,31.96,12.14,2.02,6.87,1.12,6.36,64.21,44.4,24.7,59.6,0
7.53,57.54,3.22,5.53,2.19,0.23,46.62,43.08,47.9,29.0,38.8,0
5.41,19.9,30.48,3.14,5.68,0.12,23.56,51.07,45.3,35.3,32.6,0
8.6,27.0,9.91,3.31,0.41,1.43,4.32,51.99,47.8,33.9,36.4,0
16.06,18.43,17.91,1.73,9.53,1.05,5.53,63.17,58.3,15.7,40.5,0
5.62,46.54,31.49,3.18,33.87,2.23,1.82,35.65,22.5,33.4,43.6,0
17.61,28.66,18.82,3.87,20.79,2.92,4.06,49.76,50.9,25.4,56.7,0
9.48,62.9,5.6,2.08,0.35,0.09,3.87,39.03,57.2,26.7,42.9,0
14.46,31.25,28.14,2.41,30.23,1.78,7.13,51.58,43.4,26.7,53.4,0
10.31,38.1,16.7,6.43,8.45,5.07,32.88,49.98,44.8,24.6,30.0,0
6.28,20.09,5.91,2.77,2.98,1.56,8.68,54.68,45.2,36.7,33.7,0
53.37,51.76,20.4,3.23,19.91,1.92,6.19,48.86,44.8,25.2,51.8,0
25.96,48.55,5.11,4.43,5.17,1.59,38.25,47.62,52.1,15.9,49.8,0
2.72,28.59,36.89,3.12,4.07,1.25,7.55,59.27,53.9,22.5,32.6,0
36.51,32.73,21.5,4.38,3.07,0.39,50.64,57.86,20.5,27.6,58.7,1
12.03,16.0,8.45,1.0,8.45,0.3,2.24,58.69,61.8,37.1,31.1,0
40.49,75.55,3.75,4.11,1.47,0.55,17.94,52.5,47.7,31.4,53.7,0
28.96,38.38,16.95,3.27,15.52,2.62,1.69,49.14,81.0,18.3,54.9,0
9.97,40.42,11.04,2.63,9.92,0.94,2.1,52.99,34.1,45.0,18.8,0
0.41,72.72,25.19,8.53,9.82,9.26,7.33,58.26,39.0,28.4,56.4,1
5.63,32.28,7.69,3.52,0.02,3.38,7.43,35.5,49.0,37.5,34.7,0
14.04,31.14,39.12,3.73,22.66,2.76,7.62,57.35,58.2,24.6,21.1,0
18.07,26.16,22.76,6.84,11.45,4.07,3.14,56.63,22.7,30.8,44.7,1
5.37,28.9,16.2,3.57,8.63,0.13,44.21,54.53,39.6,33.6,37.8,0
2.7,28.69,23.15,3.99,17.77,1.84,19.7,52.73,60.9,37.0,35.4,0
32.42,48.36,12.84,6.42,0.86,6.75,8.01,35.0,37.8,35.5,59.5,0
74.89,96.51,12.12,2.91,5.79,0.09,6.88,50.26,72.6,33.8,76.2,0
13.43,18.41,13.43,1.52,13.53,1.01,5.72,69.21,45.2,23.2,44.0,1
3.39,23.98,14.5,5.12,9.15,0.14,47.8,54.11,38.5,20.9,41.0,0
5.72,24.13,6.52,2.49,2.42,1.79,6.9,51.39,61.2,29.0,36.5,0
0.33,12.55,27.43,1.03,3.74,0.22,6.71,54.14,76.1,34.4,52.9,0
44.22,63.53,8.82,3.83,5.04,1.68,3.31,57.02,58.2,24.0,40.1,0
2.26,8.27,50.64,4.29,56.01,2.56,36.53,59.6,70.9,35.6,37.4,0
15.47,23.37,5.55,1.28,4.12,0.31,5.45,52.05,77.1,39.1,42.6,0
5.77,19.91,18.1,3.63,3.48,3.96,5.53,57.61,38.2,17.8,45.7,0
14.54,29.25,41.04,3.62,23.73,0.15,3.81,68.25,66.1,18.5,33.1,0
18.97,43.05,16.36,2.53,9.48,0.54,16.59,62.55,29.1,24.7,26.1,1
31.87,56.08,8.77,6.43,9.35,0.98,2.45,73.89,58.4,28.8,50.9,1
4.16,13.49,9.13,3.36,9.98,3.53,7.42,48.42,50.9,21.3,39.7,0
0.2,54.7,15.26,4.77,12.6,4.8,2.94,68.25,70.6,38.2,50.0,1
2.65,28.02,56.82,2.78,9.64,0.46,0.52,47.28,69.6,29.8,23.5,0
41.45,100.72,12.68,3.68,0.52,0.28,9.47,57.01,60.5,26.4,65.2,0
37.27,79.49,39.48,5.95,25.84,5.28,2.4,60.23,56.5,13.1,75.4,1
16.38,26.45,8.22,3.1,2.62,2.23,6.4,49.66,59.6,14.2,38.6,0
16.52,20.36,15.89,1.5,4.59,0.41,8.84,54.75,52.9,28.5,29.5,0
19.69,21.62,4.77,3.13,2.73,2.14,5.9,61.74,51.1,6.8,39.8,0
3.47,4.94,13.06,3.65,14.33,3.32,7.69,47.96,73.6,35.1,36.7,0
44.25,60.88,25.72,2.09,11.88,0.18,9.29,68.19,75.4,24.6,60.5,0
9.77,20.0,16.78,2.99,17.01,0.19,8.24,42.23,49.9,45.0,33.5,0
8.7,37.63,22.45,2.29,16.25,0.91,5.52,70.49,55.6,45.0,54.5,1
13.17,23.42,7.87,5.2,1.57,2.75,44.16,62.51,53.2,24.4,29.8,1
0.87,10.58,6.04,1.21,5.56,0.57,4.84,53.24,27.8,25.0,18.0,0
3.27,31.72,10.04,5.73,9.7,4.21,8.08,50.58,47.0,35.0,47.5,0
24.11,96.96,6.4,5.11,4.45,2.99,8.18,49.69,76.0,41.3,23.1,0
1.56,48.37,11.64,3.82,3.5,2.3,8.11,52.85,40.8,11.3,33.7,0
16.64,43.42,19.43,3.82,21.32,0.22,5.88,53.59,83.7,9.9,73.7,0
5.07,48.2,19.78,9.72,18.49,10.75,4.79,64.67,69.6,20.4,37.2,1
8.88,34.66,12.29,4.79,6.36,1.87,30.97,70.73,58.0,31.2,27.8,1
6.13,6.91,17.06,1.32,17.7,1.29,0.53,55.69,60.4,30.5,37.2,0
7.91,39.95,13.57,14.35,14.23,14.31,43.87,46.81,38.2,35.6,38.1,1
22.85,48.01,3.02,5.16,0.05,5.03,2.99,49.36,48.0,15.2,46.9,0
6.35,43.4,6.93,6.05,5.45,1.2,39.62,52.44,73.6,5.2,44.5,0
15.04,24.41,10.4,3.19,4.57,1.3,27.88,45.24,42.8,33.7,31.4,0
11.63,51.99,23.44,4.4,2.76,0.19,48.7,43.98,67.9,18.5,57.1,0
19.61,23.56,4.64,7.28,5.13,8.83,8.85,71.83,31.3,7.8,46.3,1
49.71,64.27,56.78,8.12,47.58,5.85,38.0,56.57,34.0,27.3,64.6,1
23.74,39.68,9.34,2.37,6.59,0.6,16.0,46.92,80.5,33.1,39.4,0
4.36,4.67,29.77,4.3,25.8,3.48,4.59,60.94,51.8,24.9,49.8,0
0.57,13.28,14.19,4.73,3.07,3.26,1.42,43.98,43.9,21.9,32.7,0
5.48,32.95,6.89,2.31,1.98,0.45,6.57,44.68,72.4,24.6,40.2,0
16.27,26.92,21.64,2.38,23.37,1.71,8.56,47.17,70.7,22.7,33.0,0
0.95,52.06,9.74,2.29,9.81,0.77,4.44,68.06,65.8,13.9,25.5,0
12.35,33.84,38.35,6.67,32.23,4.08,6.72,51.85,43.5,19.6,47.4,0
16.35,29.92,2.25,1.56,0.76,0.34,9.31,35.0,47.7,30.7,37.9,0
7.32,48.48,38.03,3.99,36.64,3.01,2.67,64.29,56.7,28.9,29.8,0
26.53,36.62,9.29,2.22,6.6,0.85,7.88,51.4,62.4,27.5,40.5,0
2.03,9.2,3.98,9.03,2.01,0.08,53.23,38.28,44.4,17.0,42.9,0
1.41,31.09,22.7,1.43,14.91,0.31,4.34,51.31,54.6,24.4,29.3,0
23.45,26.15,27.3,2.62,21.57,2.6,3.04,58.43,56.0,6.4,44.4,0
12.32,23.76,6.74,4.25,0.57,0.56,40.52,57.43,71.3,27.6,40.7,0
20.99,38.22,59.2,5.35,62.67,2.63,40.22,69.29,63.3,38.9,25.3,1
10.27,24.6,17.59,3.36,17.83,1.48,15.84,46.75,29.4,12.7,24.9,0
5.09,120.41,10.05,5.57,6.33,3.63,4.51,54.4,48.8,20.7,40.7,0
30.78,53.48,12.4,3.45,2.45,1.87,6.19,48.05,38.1,29.0,41.5,0
28.92,42.69,10.25,2.2,5.68,0.72,6.24,40.89,60.5,37.3,58.6,0
21.36,30.07,23.97,1.88,3.23,0.37,5.75,61.53,65.8,22.0,54.3,0
5.72,30.47,8.59,4.22,9.44,1.05,21.87,57.94,53.5,19.8,44.8,0
16.06,57.13,58.95,6.63,22.8,2.79,9.03,56.41,48.0,8.3,60.4,1
8.06,11.01,20.02,5.34,14.41,3.24,29.18,57.63,53.0,26.9,37.8,0
1.73,26.59,17.12,2.17,7.11,0.38,2.45,48.17,55.1,44.4,42.3,0
44.87,55.43,4.07,4.14,1.8,2.83,5.49,45.45,42.4,28.5,49.3,0
2.65,36.68,48.77,1.72,49.46,0.58,7.24,54.32,33.7,25.8,60.7,1
54.01,66.48,14.95,3.04,5.98,0.92,0.61,63.87,21.2,28.9,79.1,1
10.63,37.03,12.49,2.4,4.34,1.82,2.99,67.67,71.0,25.9,39.9,0
3.69,71.46,16.12,2.92,15.2,0.92,7.92,60.76,59.4,18.7,40.5,0
14.05,47.17,20.16,4.17,19.78,2.63,5.06,54.25,57.4,33.4,54.9,0
37.14,47.35,52.21,6.86,50.76,6.72,4.18,56.29,71.0,28.0,50.2,0
23.72,28.64,64.87,1.78,53.99,0.47,8.88,54.1,33.2,26.2,39.1,1
29.57,42.46,37.86,3.92,38.22,2.46,1.31,45.28,26.0,17.2,57.0,1
19.35,25.06,9.2,7.25,7.32,5.86,6.04,54.21,57.8,37.7,44.5,0
21.21,39.99,15.47,2.01,2.18,0.41,3.58,42.65,56.4,32.0,46.4,0
34.05,50.95,20.12,3.12,14.7,1.45,1.14,52.95,26.0,21.0,42.0,1
5.17,9.53,3.17,3.95,0.25,0.34,55.63,67.91,57.4,35.0,20.1,0
12.1,31.8,3.32,8.35,3.29,2.86,48.27,60.99,46.0,21.5,42.8,1
4.5,58.9,7.7,3.7,0.04,2.98,0.75,46.15,39.9,19.0,46.1,0
79.12,88.18,5.4,8.16,3.09,3.16,38.43,53.38,47.0,19.2,68.3,1
51.9,58.57,10.49,6.85,11.17,2.58,28.1,46.91,15.4,10.1,72.7,1
0.72,33.94,12.22,6.91,7.26,3.66,44.14,53.47,43.1,30.2,28.3,1
22.01,36.33,8.93,2.43,7.32,0.11,3.61,62.85,41.4,9.5,34.4,0
46.68,58.42,24.98,7.56,25.0,8.1,1.74,59.55,60.4,14.9,55.3,1
3.58,45.3,20.82,3.85,18.79,0.79,4.69,75.0,49.6,7.3,35.8,1
15.11,21.99,41.1,3.59,37.24,0.32,30.79,64.14,61.6,25.2,49.5,0
44.48,75.3,11.96,9.77,11.14,10.34,9.25,55.73,15.0,24.6,47.3,1
0.62,5.39,4.77,4.12,4.74,4.89,9.41,59.76,39.4,23.1,49.0,0
21.52,91.79,4.97,6.54,1.84,3.72,21.9,52.28,60.3,16.6,64.4,1
6.35,14.79,12.85,4.59,13.9,0.24,44.98,44.42,47.4,15.4,37.5,0
46.48,60.77,30.95,6.46,26.42,4.33,8.7,65.1,64.7,30.2,68.4,1
63.76,103.53,22.75,6.66,3.94,3.54,7.64,62.58,24.9,21.0,53.1,1
51.97,49.17,30.43,3.65,26.65,2.95,5.1,51.95,63.0,28.8,69.1,0
11.57,22.95,11.78,8.38,10.94,10.3,3.79,56.33,42.4,18.0,50.7,1
35.65,65.77,3.57,2.97,2.63,0.69,4.53,64.55,41.0,27.6,59.7,1
33.51,31.73,13.5,3.76,13.24,1.61,18.0,61.19,66.9,37.7,49.9,0
6.92,34.36,8.31,5.29,7.56,2.4,43.18,41.56,69.4,31.3,15.0,0
31.78,52.54,2.59,3.46,0.36,1.29,7.76,56.07,67.5,22.3,42.9,0
0.68,3.35,4.92,0.89,4.78,0.09,0.66,52.58,82.6,28.3,29.0,0
16.33,16.18,30.53,1.72,18.85,0.26,8.79,63.46,71.0,23.8,32.6,0
4.7,5.98,24.09,3.12,12.34,2.6,5.0,62.76,40.1,26.1,38.3,0
2.31,26.61,10.07,2.11,4.82,0.9,2.54,65.21,54.1,23.1,31.9,0
1.44,11.9,30.05,0.67,32.97,0.33,0.53,44.5,46.6,24.5,27.4,0
21.45,22.72,12.05,4.6,2.52,0.62,34.29,47.34,82.4,27.9,34.1,0
7.48,45.73,3.88,3.81,3.88,0.54,37.72,63.47,68.6,17.1,31.2,0
23.22,71.67,6.33,3.09,6.28,0.06,6.18,48.97,49.2,16.9,56.7,0
1.22,50.81,24.9,4.85,25.04,0.31,57.38,41.07,65.2,13.5,28.9,0
6.82,27.13,13.57,6.98,11.32,6.43,17.37,58.53,33.5,11.6,32.9,1
13.96,14.29,15.16,2.44,13.93,0.03,5.05,49.35,55.8,15.0,36.7,0
28.15,28.22,57.69,4.27,62.89,4.73,5.58,69.21,37.9,27.4,51.1,1
6.91,12.79,22.84,8.2,24.59,4.23,31.62,56.52,26.7,18.0,42.7,1
17.7,26.29,13.88,2.14,2.34,1.81,4.62,55.36,63.8,30.6,15.0,0
39.08,82.07,21.0,4.01,20.33,0.55,30.83,50.86,65.6,26.3,62.8,0
17.22,40.71,19.75,6.76,20.29,5.7,5.24,67.52,58.9,8.3,57.1,1
4.77,24.46,7.35,2.78,3.72,1.65,1.69,57.05,49.3,31.9,26.6,0
0.44,22.52,5.52,1.09,5.88,0.53,2.27,50.53,33.0,33.3,25.5,0
36.74,69.04,22.91,7.08,19.35,1.63,37.44,47.25,34.6,17.1,47.0,1
0.39,36.48,5.44,2.52,4.13,0.61,6.74,53.38,37.5,29.8,27.6,0
37.39,51.98,8.31,4.06,3.15,1.15,34.32,45.69,48.5,18.3,54.1,0
13.55,54.82,20.51,4.22,16.44,1.68,4.37,62.75,68.1,26.9,21.6,0
50.36,56.13,30.39,2.78,22.72,0.81,7.69,38.63,67.9,14.6,46.5,0
28.86,59.2,2.75,4.16,1.31,3.4,3.43,52.81,27.3,9.9,63.4,1
111.28,137.07,13.36,12.47,10.7,9.55,23.02,59.19,41.6,22.6,75.8,1
7.77,44.19,32.56,2.98,14.4,1.23,1.17,56.91,41.2,24.9,50.9,0
26.24,30.51,24.81,2.85,18.91,1.39,7.2,47.9,15.0,22.4,50.4,1
9.25,24.57,88.19,4.99,73.3,3.16,6.76,59.61,60.5,15.3,21.1,0
11.77,13.04,28.72,3.5,14.43,1.69,7.72,46.47,48.3,22.4,46.6,0
17.78,20.85,17.38,2.11,13.02,1.36,8.46,53.81,50.3,28.4,41.8,0
37.24,47.51,53.4,5.78,57.29,3.72,7.32,59.54,72.2,25.6,47.2,1
74.53,84.37,9.35,7.14,0.96,6.31,8.1,57.93,53.3,27.6,71.0,1
26.32,48.36,8.16,3.33,1.08,2.28,3.61,48.26,45.5,20.0,51.6,0
9.74,13.89,15.26,3.73,11.03,0.49,3.59,64.18,60.6,36.5,46.5,0
9.85,26.07,11.91,3.15,5.25,1.29,9.0,54.74,67.9,15.4,51.2,0
24.08,59.34,7.04,3.46,1.48,1.88,8.73,60.32,56.4,30.4,49.9,0
4.91,28.03,8.99,2.78,5.1,1.44,5.44,67.0,62.3,36.6,23.5,0
2.11,31.26,18.31,3.72,16.76,0.84,31.18,63.5,49.8,30.3,31.2,1
7.88,27.73,28.48,4.86,31.34,1.74,50.2,63.52,50.8,24.2,68.0,1
6.09,15.61,13.22,3.27,1.3,1.4,3.41,55.64,53.7,21.2,45.0,0
6.33,12.96,22.59,2.24,11.73,0.66,1.88,60.75,40.7,35.3,61.5,0
4.79,20.76,9.96,6.35,5.06,6.18,6.26,55.82,43.5,13.2,51.1,1
0.77,32.75,11.94,5.2,11.19,3.66,21.5,43.72,72.7,17.3,37.8,0
0.32,9.28,7.4,3.05,8.03,2.38,16.83,56.57,82.1,22.4,38.2,0
79.2,80.3,29.62,4.76,32.9,1.14,7.77,56.18,75.9,37.1,70.3,0
10.05,28.65,1.01,2.16,0.62,1.41,3.16,58.96,32.2,29.4,22.1,0
8.73,66.0,12.18,4.77,10.56,3.96,8.88,52.91,30.7,17.3,39.1,1
20.49,42.54,4.14,6.5,3.21,2.6,9.1,47.53,34.1,23.2,56.3,0
4.43,28.33,11.51,4.3,10.73,2.33,7.84,59.58,54.0,20.5,31.0,0
53.91,60.58,36.54,3.42,32.58,0.43,17.02,42.84,15.0,19.6,63.4,1
27.78,83.71,57.12,4.41,42.14,3.19,5.28,66.4,43.2,34.8,56.0,1
1.69,22.91,6.35,4.04,5.51,4.28,5.62,52.03,73.1,13.7,26.7,0
9.73,48.24,22.85,2.16,21.21,0.2,8.03,56.09,66.7,40.5,34.9,0
38.03,39.93,33.09,2.78,5.0,1.17,4.94,58.75,44.4,33.5,41.9,0
52.12,62.49,16.19,4.93,0.1,2.09,18.86,59.02,45.5,35.8,50.2,1
11.34,116.35,26.07,6.15,26.07,2.82,6.03,42.02,60.5,21.8,27.2,0
17.11,36.45,3.8,1.99,1.66,0.22,6.42,61.0,66.0,24.7,33.7,0
3.29,17.07,1.89,6.56,0.25,5.42,26.26,56.58,44.0,13.1,50.7,0
85.13,113.4,7.1,4.32,6.76,0.12,6.51,48.6,48.5,21.3,64.2,0
4.74,19.52,9.45,5.17,6.39,4.71,7.21,47.63,43.5,30.4,38.4,0
51.48,60.11,3.67,4.26,1.3,0.08,6.57,51.16,32.0,37.7,53.1,1
18.88,19.42,26.79,2.63,20.66,0.36,4.82,42.96,48.7,16.0,55.3,0
16.84,16.14,8.83,3.84,8.01,4.61,1.71,68.64,47.6,22.7,55.7,1
12.94,37.97,18.47,8.17,11.63,6.47,7.57,66.63,33.1,24.6,49.5,1
4.72,17.22,5.53,8.01,3.88,9.03,19.3,57.84,61.7,13.4,40.2,0
3.5,33.75,13.53,7.61,9.05,0.28,49.34,52.1,59.2,31.3,34.3,0
4.48,29.4,22.09,4.46,17.76,1.6,29.38,52.32,62.4,19.5,25.1,0
3.71,24.27,39.45,1.87,36.4,0.23,6.54,60.44,40.5,24.2,56.1,0
27.22,39.58,60.65,2.16,66.1,0.62,9.2,68.94,22.2,21.9,39.7,1
7.76,16.18,7.92,1.1,6.59,0.4,6.01,49.15,59.0,18.9,45.1,0
1.07,9.78,55.27,0.49,59.53,0.15,1.01,44.5,42.0,25.9,46.1,0
62.59,57.99,10.59,8.37,6.04,7.35,5.53,67.15,38.6,24.1,57.6,1
38.74,52.39,0.56,2.04,0.1,0.35,2.99,38.81,33.1,22.7,62.8,0
47.3,98.86,23.8,4.97,21.57,2.71,3.83,45.43,47.9,19.4,63.9,0
95.04,158.08,3.06,7.71,2.79,2.54,4.64,51.9,75.7,28.9,95.0,0
3.44,12.2,3.06,1.28,0.66,0.48,7.47,40.74,44.4,40.9,31.9,0
9.08,44.59,45.93,12.94,43.3,15.0,5.03,63.45,35.7,27.3,26.2,1
25.56,70.26,23.58,3.14,22.66,1.13,4.77,61.28,61.8,35.0,41.4,0
21.43,29.83,3.21,7.34,1.37,5.3,47.67,49.11,54.6,13.5,46.7,0
3.01,35.79,30.56,9.97,27.58,10.47,5.36,64.88,20.2,27.4,36.9,1
30.45,69.4,33.17,8.39,27.87,8.26,2.74,66.32,61.9,16.1,44.8,1
4.58,8.6,21.79,4.65,22.25,2.13,49.47,53.04,83.9,12.7,18.0,0
4.56,31.72,14.19,4.91,13.39,0.95,50.01,50.17,15.0,19.3,41.8,1
13.86,19.47,25.32,2.47,21.31,0.43,3.58,73.21,33.5,36.7,61.0,1
16.18,42.44,44.13,3.16,26.64,3.01,0.96,60.13,15.0,34.6,46.9,1
15.62,33.24,16.15,2.18,16.34,1.14,3.59,56.18,50.9,28.2,48.1,0
1.73,5.15,18.25,5.33,13.19,4.0,19.0,65.59,66.9,12.2,41.5,0
37.79,42.97,24.23,5.42,11.12,3.49,7.83,56.57,53.6,24.2,56.0,0
5.56,14.44,9.81,5.06,6.77,0.56,54.07,49.7,72.9,28.7,46.8,0
2.5,44.46,65.62,2.27,70.37,0.04,16.52,54.68,64.5,27.6,40.1,0
39.53,52.17,11.21,2.4,5.13,0.6,4.36,62.83,77.5,9.4,49.7,0
56.08,56.63,1.05,3.54,0.96,1.45,3.19,37.07,69.4,18.0,52.3,0
35.67,61.37,21.87,1.75,21.32,0.22,1.67,51.55,46.0,25.4,48.6,0
29.85,41.15,5.07,4.1,3.64,3.01,6.15,65.76,53.0,30.8,51.6,1
19.17,39.57,11.56,7.07,11.15,3.0,52.64,49.65,39.0,6.2,40.5,1
14.41,29.66,2.59,5.35,1.56,0.53,48.06,67.14,48.5,24.5,44.6,1
1.64,76.91,22.03,6.72,15.58,2.75,51.25,66.03,52.9,27.3,40.1,1
9.45,31.15,53.99,2.82,39.3,2.3,3.41,53.44,50.7,33.6,47.6,0
8.39,40.82,15.72,2.58,14.23,1.23,3.13,49.17,72.1,32.2,51.6,0
5.41,46.8,3.39,8.03,3.43,7.96,7.68,51.56,47.0,31.2,38.2,0
23.13,38.4,64.31,2.29,62.99,0.39,2.04,75.0,38.0,18.8,32.3,1
12.33,59.74,10.46,3.14,6.47,1.76,5.98,69.93,39.0,8.8,37.1,1
1.52,38.41,14.35,4.36,7.37,4.91,0.96,55.07,61.8,22.5,36.1,0
4.48,5.97,15.27,2.31,10.01,1.3,5.45,48.83,31.0,35.0,18.7,0
20.69,27.94,72.78,3.58,65.14,1.4,1.08,54.99,49.0,38.5,58.2,0
1.43,20.17,1.64,6.31,0.81,2.17,52.64,56.07,71.9,32.4,37.1,0
34.29,49.86,14.35,3.64,14.71,2.38,1.52,43.43,56.4,29.9,54.2,0
12.3,22.32,7.98,3.78,6.08,0.06,3.62,54.68,50.9,29.4,54.2,0
11.79,37.25,5.17,4.06,1.23,1.71,27.18,65.24,51.5,21.0,34.0,0
16.15,29.15,48.38,2.39,36.42,0.97,7.94,38.71,36.6,24.8,48.0,0
31.34,46.01,27.22,3.28,14.42,3.0,2.53,61.03,39.1,41.0,48.0,1
7.69,21.44,31.26,6.22,21.03,2.25,31.32,65.69,49.1,17.5,36.6,1
20.4,33.91,4.64,4.21,3.47,2.36,18.97,49.24,56.1,40.5,36.5,0
15.01,20.89,25.27,3.06,19.35,2.59,6.69,68.4,66.2,23.1,58.4,0
5.59,30.3,23.04,1.36,22.37,0.66,3.15,48.13,53.4,37.9,33.8,0
37.96,62.15,22.49,3.18,7.14,0.64,17.0,57.75,72.3,13.3,59.1,0
28.74,30.09,9.59,1.69,9.04,0.83,7.48,51.39,76.1,31.3,29.2,0
19.34,28.55,39.19,1.56,42.53,0.58,3.63,51.39,63.9,19.4,55.5,0
34.22,49.55,30.44,5.42,21.5,2.27,5.23,48.75,70.4,13.3,60.9,0
36.35,87.84,16.77,4.33,10.22,3.06,1.82,59.94,37.1,28.0,52.3,1
22.18,26.86,26.22,1.79,17.65,0.74,0.71,61.21,34.8,35.1,42.7,0
32.65,43.09,18.96,5.17,19.92,5.0,9.33,53.45,59.8,18.4,53.7,0
21.52,31.62,13.28,5.32,0.35,1.62,38.71,42.44,31.9,12.5,67.6,1
20.52,41.9,18.56,2.03,13.07,0.37,3.01,57.43,47.6,25.2,26.6,0
17.35,22.67,53.35,1.94,52.25,0.53,15.13,57.59,63.6,25.2,50.6,0
25.15,32.86,34.69,3.79,32.72,1.48,7.05,52.16,73.2,30.9,37.2,0
3.11,76.77,36.17,4.21,30.53,1.34,5.77,69.87,48.2,34.5,36.2,1
38.3,35.08,4.55,6.73,1.47,4.48,6.79,40.71,42.3,25.5,49.8,0
36.98,50.13,52.94,2.44,57.87,1.33,6.89,35.15,56.8,42.7,47.4,0
0.53,19.95,16.7,5.86,13.39,6.43,7.37,47.79,35.9,28.0,35.1,0
31.46,40.47,11.63,11.12,3.74,0.29,51.71,60.04,49.4,22.9,37.8,1
2.48,43.87,13.96,4.32,14.4,2.53,4.22,45.03,51.9,11.5,46.4,0
7.35,29.13,23.46,5.63,24.38,4.83,3.16,45.66,51.6,23.6,20.4,0
24.49,81.43,8.84,3.37,1.87,1.02,1.14,62.08,53.3,23.0,51.4,0
3.15,6.27,34.74,4.29,36.51,0.4,49.27,57.93,39.5,34.6,33.2,1
30.66,53.19,36.84,4.1,39.69,1.79,6.05,57.21,41.1,30.2,37.1,1
32.12,51.45,13.41,8.22,0.22,9.83,2.11,60.64,40.8,15.4,51.5,1
12.75,39.82,34.16,6.72,36.79,3.0,47.88,50.39,27.7,27.6,25.2,1
0.12,39.39,36.46,4.25,37.7,2.37,6.25,50.78,57.1,32.0,35.4,0
6.09,55.36,3.83,3.51,0.52,2.74,5.71,60.88,65.4,39.8,23.5,0
17.27,82.71,7.73,2.67,4.28,0.09,8.32,42.57,63.9,34.0,47.4,0
71.52,67.18,8.05,3.19,5.96,1.34,7.62,35.79,48.1,32.8,57.9,0
17.98,42.81,20.31,3.18,6.32,0.22,9.19,50.32,39.8,26.5,38.6,0
5.42,48.09,24.09,5.8,19.6,0.95,48.91,61.91,63.2,29.5,40.4,1
18.09,33.85,7.81,4.77,5.71,3.96,6.79,56.17,61.6,37.2,35.4,0
13.98,20.54,41.64,4.12,43.31,2.68,8.24,61.29,55.3,14.0,40.7,0
27.24,31.97,46.15,6.9,46.61,7.48,8.06,36.86,78.2,22.9,32.1,0
2.04,12.75,4.81,2.67,5.12,0.46,6.97,56.68,51.6,19.0,42.2,0
25.77,47.7,25.32,2.55,10.72,1.41,5.0,59.56,48.1,29.4,64.2,0
14.03,23.48,10.78,6.6,10.3,3.72,42.81,42.52,46.0,37.1,69.2,0
59.34,70.75,21.2,2.87,15.59,0.84,8.39,61.33,28.6,20.6,62.6,1
7.53,11.12,14.03,0.96,5.56,0.35,7.49,53.05,61.9,4.5,46.3,0
18.02,20.02,13.15,3.77,2.9,1.67,32.36,75.0,50.4,22.3,25.3,1
48.4,72.25,1.67,4.1,0.65,0.98,21.72,35.49,59.6,34.2,71.8,0
1.95,2.47,5.75,7.03,1.26,7.57,3.33,65.64,79.6,30.8,43.6,0
49.83,94.67,32.79,4.15,35.85,1.76,4.32,50.65,46.1,29.9,52.6,0
20.96,43.81,14.54,5.74,5.26,5.92,8.05,40.25,16.9,23.5,56.8,1
1.26,6.85,4.83,7.68,0.93,4.4,8.54,49.52,59.2,14.5,33.0,0
6.44,30.38,12.96,1.4,13.25,0.42,3.06,56.36,54.5,30.6,33.3,0
22.17,32.52,8.73,7.09,1.24,3.72,6.68,62.82,41.0,18.5,49.7,1
1.26,9.49,3.34,3.07,1.02,0.84,1.2,68.64,58.0,45.0,24.9,0
15.71,58.31,13.39,2.35,14.07,0.26,4.19,66.09,63.8,31.1,52.3,0
7.64,35.71,15.16,4.93,12.72,5.4,4.88,45.79,37.8,20.8,27.9,0
17.46,26.74,2.18,2.65,0.64,0.97,7.39,63.61,47.5,20.5,32.4,0
0.84,10.78,24.14,2.79,6.82,0.8,8.53,57.33,74.2,25.2,26.3,0
36.94,94.35,10.8,3.58,9.01,1.15,3.54,48.44,41.2,23.8,59.2,0
65.34,82.05,15.49,4.23,11.55,0.6,30.34,52.2,53.0,36.1,58.2,1
62.46,73.73,39.38,5.85,23.99,1.96,26.46,47.97,15.0,27.7,49.6,1
24.93,31.15,7.78,5.81,5.31,1.67,56.86,54.32,29.8,19.4,40.2,1
2.51,11.92,8.81,1.76,6.84,1.11,9.37,47.8,54.4,43.0,35.8,0
25.56,96.28,18.47,8.78,19.34,5.37,8.38,45.26,70.4,26.4,34.7,0
0.45,32.64,54.18,4.17,41.63,1.27,3.17,58.07,31.6,32.9,23.7,1
0.4,19.53,37.2,1.15,30.57,0.08,5.07,59.34,53.1,20.5,56.3,0
7.04,11.25,9.36,0.79,8.73,0.48,2.58,52.41,46.4,29.3,29.6,0
12.07,23.23,11.18,3.74,9.73,3.04,5.13,65.63,66.3,28.8,37.2,0
26.49,48.91,25.44,5.08,11.84,2.62,31.76,51.79,33.7,9.0,43.2,1
20.7,61.03,29.04,6.59,27.13,7.3,1.27,51.43,58.5,44.1,40.1,0
10.63,30.84,30.06,5.3,27.99,3.36,8.33,59.61,42.2,37.6,46.0,0
5.75,47.89,10.81,6.79,5.05,0.53,5.84,52.87,55.3,22.4,47.1,0
105.33,111.5,11.13,3.64,2.79,0.38,9.41,54.72,53.0,16.1,79.3,1
10.0,49.0,22.02,4.35,5.79,1.57,18.36,35.0,48.2,29.1,27.1,0
10.81,25.39,13.6,2.81,4.31,2.46,7.98,54.14,59.2,26.8,52.6,0
3.22,43.3,48.76,2.04,36.0,0.38,7.63,38.47,52.7,29.2,35.5,0
28.51,37.78,13.84,2.49,3.93,2.08,1.7,43.62,50.0,27.7,65.1,0
21.3,51.51,2.68,4.75,2.66,4.8,3.52,42.65,46.7,30.6,22.1,0
4.49,27.2,26.12,6.21,28.19,2.81,50.19,45.14,53.2,39.0,39.0,0
1.55,2.95,13.94,3.25,1.08,2.27,5.17,49.33,55.3,31.1,54.9,0
20.54,28.0,4.12,6.95,4.39,4.17,50.14,49.86,37.2,16.6,40.7,1
19.13,109.02,18.27,6.18,9.76,0.35,50.04,59.65,46.8,38.3,41.4,1
5.75,33.96,24.03,1.55,14.06,0.66,1.34,55.89,36.2,40.8,40.5,0
54.24,59.09,7.66,2.72,4.94,0.09,4.76,37.84,51.4,45.0,53.8,0
2.95,7.65,11.25,1.18,9.58,0.4,6.37,54.71,43.1,15.9,33.2,0
10.19,29.91,3.82,4.9,2.8,5.47,5.98,56.71,63.6,28.2,36.2,0
51.76,72.74,10.49,2.35,11.32,0.6,2.88,51.21,62.1,7.3,52.0,0
9.8,21.2,15.15,4.03,7.71,2.94,23.86,53.48,38.2,31.0,51.7,0
18.32,40.03,24.3,6.57,26.49,3.0,53.57,55.62,52.0,21.1,47.9,1
9.12,52.99,24.09,3.4,7.47,2.62,5.76,60.5,61.6,43.3,41.6,0
5.77,13.95,8.33,5.38,6.91,1.66,44.52,40.61,49.4,19.0,45.7,0
74.41,75.62,22.13,5.12,14.05,1.95,2.8,51.92,41.1,10.8,65.8,1
9.48,12.05,2.3,3.97,2.15,1.68,39.42,66.82,35.6,21.8,31.5,1
40.41,81.05,6.91,7.42,2.55,6.89,4.55,66.04,64.8,8.2,47.2,1
4.7,18.6,20.36,1.56,19.76,0.02,9.39,61.23,65.5,32.8,37.1,0
4.31,62.58,4.58,4.9,4.88,0.16,0.71,58.56,48.9,7.4,26.3,0
0.57,1.71,20.15,1.45,15.28,1.61,3.92,68.06,63.5,26.3,30.3,0
18.98,41.62,19.03,3.01,2.02,1.54,2.12,70.3,15.0,7.3,38.4,1
8.27,37.6,17.89,2.22,19.8,1.04,5.5,52.9,71.9,23.1,60.0,0
35.96,59.67,56.21,12.54,60.35,15.0,2.69,45.76,49.6,40.8,23.4,1
11.54,46.53,12.97,4.19,6.3,3.63,7.14,51.7,54.1,29.2,38.4,0
62.07,76.18,23.58,7.95,12.53,7.15,19.17,75.0,47.2,18.2,80.2,1
3.69,25.54,6.31,1.43,5.6,0.72,2.4,40.66,72.9,25.7,37.9,0
36.53,35.35,30.55,1.49,33.45,0.75,1.95,50.0,36.1,26.2,59.0,0
26.98,41.11,0.14,3.36,0.1,2.42,8.38,41.99,74.1,30.3,48.1,0
26.53,45.39,14.27,4.96,14.24,3.99,3.75,55.06,57.9,13.7,40.3,0
33.53,39.33,11.44,4.25,12.21,1.6,24.31,43.78,61.3,31.3,27.7,0
25.77,31.4,8.74,6.51,6.74,5.76,19.31,53.08,47.1,1.7,48.6,0
17.71,43.86,6.6,7.34,3.47,8.73,4.33,37.42,32.4,20.3,35.2,1
2.53,36.37,7.09,2.09,3.52,1.46,2.58,59.25,66.0,21.6,28.1,0
0.6,10.62,20.89,3.53,22.19,0.63,23.5,64.39,56.7,31.7,30.3,0
45.65,55.29,4.46,2.8,0.8,1.47,4.99,50.74,72.4,26.2,73.0,0
17.26,40.55,10.5,11.42,11.61,11.61,7.59,52.85,49.1,13.3,66.8,1
28.66,35.37,6.32,3.27,5.2,0.9,3.31,52.61,45.7,17.1,50.1,0
11.82,29.76,5.95,3.01,3.54,1.91,15.0,55.54,72.8,27.8,35.7,0
2.25,25.85,7.3,7.02,7.28,2.04,54.6,53.68,80.7,25.3,24.2,0
2.41,68.12,41.55,3.3,34.95,0.69,8.91,60.53,52.1,20.8,40.8,0
20.83,34.39,15.31,6.73,15.51,2.69,56.45,64.48,40.7,21.7,62.2,1
10.13,12.0,23.72,4.07,16.98,0.7,30.48,47.08,64.2,32.3,37.1,0
4.03,8.0,14.63,6.28,11.97,4.49,43.59,51.37,48.2,21.3,15.0,0
12.18,21.31,18.2,3.7,15.87,2.99,1.25,61.66,61.0,25.2,47.2,0
1.19,15.96,12.4,3.89,6.87,3.72,0.75,41.92,48.1,45.0,45.4,0
15.7,56.71,23.08,2.99,25.34,0.35,5.23,37.25,75.5,13.2,26.2,0
5.64,22.21,9.7,1.63,10.23,0.1,3.53,55.92,41.5,9.3,39.3,0
28.75,53.67,12.41,6.73,11.16,4.8,36.11,58.22,59.2,33.1,52.5,1
6.69,56.66,12.81,2.55,10.64,1.28,2.04,47.86,44.7,19.9,37.3,0
10.93,42.61,8.07,5.82,5.22,0.49,39.06,49.08,47.8,23.1,32.0,0
0.21,15.42,9.86,0.9,3.43,0.22,3.34,47.54,45.8,19.0,45.3,0
1.35,19.44,0.78,3.85,0.86,1.39,33.13,46.63,63.1,23.7,31.6,0
8.97,27.45,33.66,1.76,16.09,0.37,9.23,59.89,65.8,40.4,24.2,0
11.77,63.29,4.94,5.81,4.21,1.82,52.51,43.97,60.4,33.2,19.8,0
16.49,54.79,7.97,4.08,6.95,3.34,6.18,51.74,50.4,33.8,55.0,0
6.21,44.41,43.18,2.87,32.24,1.74,6.77,46.3,54.1,13.3,44.0,0
21.37,45.85,8.33,5.15,9.22,4.41,9.42,41.63,65.5,15.6,45.5,0
35.41,53.62,29.72,3.48,1.39,0.41,5.84,61.4,65.9,0.4,46.5,0
27.24,40.69,25.15,4.56,27.71,2.23,25.86,49.58,15.0,18.7,42.0,1
0.73,7.23,4.38,3.41,4.01,0.44,35.99,55.6,47.9,34.6,24.6,0
11.79,42.78,10.84,7.4,10.21,4.71,46.45,41.18,48.6,30.7,36.0,0
2.0,14.38,10.71,7.64,8.05,5.22,34.81,47.69,62.0,24.0,15.0,0
4.99,40.56,7.98,3.16,4.0,1.38,7.23,60.43,51.0,25.8,29.9,0
77.71,68.63,2.43,2.45,1.96,1.09,1.48,75.0,62.8,19.8,66.9,1
2.77,10.27,3.18,2.55,3.02,0.74,21.99,37.2,35.8,27.8,42.3,0
12.44,50.41,1.43,6.18,1.38,4.77,5.46,52.29,55.9,32.9,40.2,0
17.33,68.18,5.71,5.83,4.36,2.8,22.16,57.5,65.5,11.5,50.7,0
21.82,54.66,87.27,7.58,80.0,6.34,0.81,48.76,29.9,28.7,58.3,1
14.76,21.6,7.66,1.37,5.22,0.21,9.15,61.22,89.7,34.4,52.2,0
0.18,42.21,28.53,5.14,22.08,1.22,5.56,46.63,69.9,22.3,39.8,0
7.11,15.7,10.81,2.83,10.6,2.7,5.57,55.31,52.0,32.3,38.3,0
13.13,53.54,15.18,6.16,16.42,6.29,8.99,49.56,39.6,45.0,31.1,1
1.66,8.71,7.07,2.15,2.46,1.28,8.86,64.37,49.4,25.1,43.1,0
7.77,20.64,13.96,3.48,4.0,0.83,40.27,48.25,53.3,29.5,55.3,0
0.61,1.42,21.25,4.94,8.36,4.97,8.88,51.01,58.6,19.4,38.7,0
1.47,9.09,26.86,2.53,24.58,0.1,7.13,62.04,74.5,27.6,54.8,0
9.1,40.27,2.62,4.08,0.59,1.6,0.67,45.26,44.9,30.1,23.8,0
2.56,72.23,9.5,3.59,9.78,1.54,2.66,54.58,60.4,27.8,24.6,0
15.09,57.12,7.29,2.42,0.76,0.42,4.22,38.51,32.6,16.8,50.3,0
21.05,53.06,9.5,6.48,8.36,1.25,5.75,44.75,45.8,27.9,47.1,0
29.02,29.3,23.01,4.76,13.18,3.07,21.75,57.25,57.7,39.2,61.2,0
4.02,17.65,19.2,3.24,15.14,0.87,2.39,45.58,62.4,30.0,36.7,0
3.3,62.6,13.77,4.57,2.24,1.03,8.03,49.37,40.7,34.7,27.8,0
1.99,22.49,7.4,4.09,2.65,4.07,8.11,58.19,45.4,23.9,33.8,0
18.21,21.85,14.8,7.06,6.6,7.79,18.98,49.08,73.9,32.7,27.9,0
22.06,32.93,72.73,4.07,78.48,3.37,8.79,60.99,69.4,28.5,33.6,0
0.58,2.48,9.22,5.05,5.58,4.22,7.82,55.83,55.1,17.4,45.0,0
49.54,79.95,9.6,13.61,10.54,10.24,55.12,57.7,18.5,28.9,66.0,1
0.96,6.01,10.79,3.23,5.74,2.72,7.69,64.55,89.7,17.1,39.1,0
14.03,31.99,5.63,10.99,1.17,9.97,54.13,56.72,51.7,20.3,24.1,1
22.22,25.05,29.16,5.04,23.02,3.96,27.66,67.08,47.3,27.7,41.4,1
36.86,54.29,12.02,6.49,4.65,3.24,9.31,61.75,44.2,28.7,39.3,1
22.54,55.54,20.24,3.65,15.91,2.77,0.72,49.55,57.6,15.3,56.9,0
29.13,37.54,8.72,6.24,9.3,6.1,5.2,64.99,57.8,35.5,42.3,1
7.46,55.87,25.04,5.43,12.27,2.66,7.47,56.24,66.3,31.1,27.5,0
30.36,59.53,0.88,7.67,0.85,4.1,31.57,50.65,38.1,19.7,49.0,1
1.5,31.0,38.25,2.22,31.66,0.64,7.11,56.37,47.3,12.2,29.3,0
40.54,82.89,7.14,6.59,3.59,5.57,5.26,63.45,82.5,24.7,68.1,0
14.28,35.41,23.98,5.5,15.28,1.48,44.82,57.87,55.4,22.0,34.1,0
30.6,40.99,26.73,2.02,25.53,0.53,6.8,69.49,49.4,27.0,34.8,0
10.84,36.13,17.65,5.33,12.67,4.94,4.95,63.24,37.9,22.7,18.3,1
18.57,22.33,7.54,1.58,5.37,1.03,5.86,58.45,59.6,7.9,43.0,0
13.45,50.34,47.21,3.26,43.38,0.4,8.12,45.28,67.5,22.5,35.4,0
23.67,59.06,5.5,7.75,4.15,0.67,16.94,52.47,65.1,23.2,31.4,0
1.53,18.03,44.24,3.24,40.68,0.09,5.21,54.61,48.1,31.7,47.6,0
1.12,12.99,3.31,4.07,2.24,0.23,56.0,59.92,57.4,19.7,42.2,0
5.11,28.11,12.77,2.86,5.65,1.78,6.69,59.42,77.1,41.1,37.0,0
3.13,8.22,3.62,3.3,1.7,3.96,2.26,55.44,68.1,8.8,50.1,0
36.97,46.13,1.99,3.98,0.03,1.7,25.36,55.02,40.2,37.8,58.3,1
4.45,50.5,15.1,4.24,5.66,3.56,2.39,60.12,15.0,24.0,28.8,1
67.03,64.94,11.16,5.31,1.2,3.9,0.71,46.7,56.5,33.7,54.8,0
7.39,57.39,63.92,2.41,63.18,1.2,4.85,68.41,64.0,26.7,46.5,0
3.62,31.01,32.51,3.11,18.95,2.52,4.32,36.6,35.7,36.3,40.6,0
28.07,54.47,1.07,5.58,0.06,1.26,48.52,66.37,51.9,22.5,49.3,1
19.35,28.65,5.04,2.79,3.51,2.6,2.38,53.62,48.0,16.1,35.2,0
12.41,19.71,16.18,1.47,15.65,0.63,9.02,62.52,53.6,38.8,46.7,0
14.59,28.47,8.93,8.53,7.49,10.34,0.53,57.09,43.8,25.0,34.0,1
22.86,80.82,23.53,4.75,23.49,0.19,34.51,56.94,71.4,28.0,44.3,0
4.67,15.59,15.69,2.78,9.47,1.71,7.13,58.71,54.2,37.1,51.6,0
100.96,87.35,18.4,5.04,18.34,1.11,33.82,60.88,38.8,16.7,73.8,1
66.25,78.22,12.67,4.87,11.83,2.14,24.33,51.2,65.8,31.4,49.1,0
18.91,60.74,21.02,3.4,17.72,1.86,9.4,62.8,33.0,20.7,33.0,1
4.01,27.37,3.71,3.82,2.69,0.63,46.99,44.78,71.3,24.8,46.7,0
20.52,81.6,8.32,4.78,6.22,0.69,39.72,53.95,66.9,26.7,46.8,0
1.35,33.42,0.93,2.68,0.64,0.43,4.62,61.11,72.8,12.5,34.3,0
0.56,24.67,29.98,3.71,12.99,4.12,4.71,62.46,49.6,19.0,30.2,0
5.36,20.46,10.34,1.41,8.94,0.67,7.72,57.92,44.6,38.2,42.3,0
11.18,38.93,28.42,3.96,18.93,3.53,8.75,50.66,53.3,34.0,31.5,0
36.49,35.4,7.59,2.56,3.4,1.8,1.24,61.62,50.7,25.4,54.5,0
23.38,81.34,9.44,2.48,8.76,0.21,3.33,48.31,42.2,28.2,38.2,0
24.44,57.24,4.33,3.68,3.38,0.58,31.7,68.89,43.7,23.4,37.0,1
9.98,44.81,19.48,5.78,13.73,5.91,9.46,53.28,46.5,38.2,33.1,0
7.64,25.88,43.37,5.73,25.86,2.3,22.45,40.91,34.4,24.2,34.7,0
8.35,57.21,16.82,4.0,17.34,0.43,8.42,43.85,62.2,28.1,38.3,0
79.09,84.54,40.0,5.7,43.62,3.41,4.33,54.37,51.2,36.3,72.9,1
0.74,13.53,47.0,5.15,48.96,4.31,27.3,55.19,47.4,19.0,15.0,0
36.32,51.81,26.82,2.61,26.47,1.38,3.08,70.74,35.3,40.0,43.3,1
15.56,50.57,14.37,4.07,5.03,2.23,8.71,45.17,34.6,12.2,38.1,0
10.39,19.88,6.07,3.62,2.53,0.59,42.65,54.34,81.0,40.7,54.7,0
23.25,29.23,7.56,2.71,7.97,0.2,22.5,44.99,42.6,22.6,34.7,0
12.0,19.33,69.19,2.17,59.99,1.04,2.8,49.81,61.2,23.8,42.0,0
37.2,45.32,10.18,7.55,8.2,3.99,54.31,68.31,54.4,9.0,66.7,1
41.57,75.32,10.13,5.42,3.89,2.05,32.26,44.34,15.0,21.9,40.6,1
9.86,31.43,35.99,1.79,32.65,1.01,0.78,58.99,78.9,16.6,43.4,0
5.83,11.79,5.77,2.41,6.02,0.99,4.22,57.34,62.3,20.5,29.6,0
16.15,98.84,17.53,4.93,19.46,1.92,5.45,53.79,40.5,24.8,37.2,0
43.82,43.09,20.75,2.73,22.44,1.02,1.87,58.42,51.6,34.6,46.7,0
4.26,17.41,41.91,2.56,25.66,2.38,2.16,44.14,34.8,27.9,29.6,0
17.56,23.72,28.28,2.09,20.89,0.14,4.68,68.08,79.4,28.8,70.1,0
17.97,26.59,28.3,7.01,30.5,5.26,3.58,70.36,38.4,16.1,51.5,1
23.78,41.34,20.32,2.47,16.22,0.52,4.47,54.4,44.2,18.1,56.7,0
2.54,19.03,13.54,5.74,8.73,3.21,45.53,74.6,41.1,42.2,41.1,1
22.65,29.41,12.86,3.0,14.29,1.39,1.76,50.61,53.2,19.4,29.1,0
43.15,62.16,23.93,5.38,22.85,3.32,15.8,57.4,72.6,40.9,58.4,0
3.57,31.41,12.19,5.47,5.25,3.74,8.13,66.17,78.8,23.8,47.3,0
4.88,36.34,5.63,4.21,4.88,0.58,34.28,50.1,46.0,26.0,28.7,0
63.98,75.77,16.25,5.03,5.37,2.56,6.49,42.26,57.7,35.6,73.4,0
3.59,30.57,14.97,2.11,9.43,0.43,4.27,40.3,53.2,37.4,43.7,0
34.68,61.11,0.92,2.29,0.97,0.46,9.21,71.52,37.3,25.0,69.1,1
12.2,21.87,23.67,5.1,13.44,3.74,25.09,49.5,88.3,22.5,36.3,0
5.11,76.52,1.79,5.1,1.85,0.39,52.74,52.42,72.4,25.5,26.3,0
36.83,91.27,14.89,3.24,1.96,0.64,4.92,44.54,54.8,29.0,48.0,0
10.61,45.97,4.89,3.17,2.73,0.31,15.87,62.06,75.7,34.0,54.1,0
13.02,26.14,15.48,1.99,9.2,1.15,2.87,47.36,70.2,26.0,22.6,0
8.01,9.43,13.03,4.3,4.15,5.49,4.17,49.82,53.2,31.6,17.9,0
16.18,17.21,7.34,1.44,5.96,0.71,3.33,56.55,56.9,40.7,43.2,0
3.21,18.78,26.14,1.56,26.11,1.24,3.76,44.96,74.7,29.4,32.0,0
8.93,67.86,31.11,4.33,29.82,1.58,8.75,52.48,37.8,28.8,39.1,0
62.77,70.81,28.26,5.58,25.57,0.99,35.85,65.92,77.1,12.3,72.7,1
5.37,13.26,12.84,3.36,11.97,2.14,4.27,57.64,48.6,2.3,31.9,0
19.25,25.56,49.4,2.11,22.37,1.55,7.35,55.11,74.9,29.5,24.9,0
7.08,65.43,27.97,4.66,22.17,1.21,40.07,55.83,51.9,25.1,58.6,1
26.73,39.05,37.31,7.32,39.32,4.35,26.4,50.69,57.1,21.4,37.1,0
2.52,59.16,7.12,1.94,1.09,0.17,6.84,70.97,51.5,28.2,25.5,0
63.01,61.79,3.81,5.19,0.42,0.24,47.47,47.1,44.0,25.5,74.4,1
10.89,18.89,14.22,12.31,2.67,11.83,40.17,55.79,47.9,36.2,36.1,1
4.85,17.54,28.86,2.86,29.4,2.62,2.88,54.98,72.7,26.8,36.5,0
1.37,30.1,16.54,6.83,16.99,5.72,26.17,62.57,17.3,19.3,40.4,1
3.35,37.0,8.69,5.6,9.34,2.94,43.07,63.38,33.4,34.9,47.3,1
13.2,21.96,34.28,3.72,10.39,1.44,2.8,53.73,41.1,24.0,37.6,0
7.4,18.23,26.94,2.89,26.97,2.81,3.94,56.47,35.8,30.7,53.5,0
31.78,31.91,28.9,1.37,30.45,0.19,5.72,56.79,74.6,21.7,27.9,0
10.15,13.35,14.42,5.21,11.51,1.96,50.5,35.0,70.9,20.2,47.2,0
5.15,13.25,15.57,1.77,15.0,1.37,5.95,40.49,60.9,26.8,28.9,0
17.28,68.03,6.79,8.9,5.77,8.68,6.61,48.86,42.4,26.1,56.5,1
22.08,27.52,11.84,5.06,6.77,1.85,44.14,49.23,72.0,30.3,46.4,0
3.29,24.26,29.1,1.47,31.82,0.45,8.36,43.81,28.2,23.6,29.8,0
3.3,17.68,18.89,1.73,16.25,1.15,8.25,60.37,84.1,9.5,43.1,0
0.67,8.73,17.53,2.57,16.21,0.15,36.9,54.02,41.7,22.1,44.2,0
24.0,51.47,5.43,3.93,0.97,3.58,2.76,52.18,48.1,33.1,52.2,0
19.62,28.94,2.79,2.36,0.52,1.61,5.02,43.32,45.6,23.3,33.5,0
11.59,48.15,7.04,3.67,2.19,1.35,3.73,53.62,35.9,23.8,35.4,0
33.46,67.57,7.7,5.19,7.99,5.07,1.69,35.0,80.9,34.9,50.0,0
29.49,37.76,11.35,6.85,9.46,6.13,27.67,52.61,63.8,19.6,47.9,0
15.85,48.23,32.87,6.88,34.71,6.51,16.58,54.54,70.2,12.1,49.6,0
36.49,65.66,21.28,2.87,19.8,0.79,3.62,56.06,33.6,24.6,31.3,0
4.15,19.21,6.61,3.61,3.95,2.55,4.27,40.71,54.7,21.6,40.2,0
2.14,15.87,7.97,6.94,2.21,6.47,0.56,55.91,59.8,17.3,33.1,0
5.66,30.35,26.48,2.76,22.82,1.79,6.97,45.15,56.1,24.4,29.2,0
1.06,69.51,11.85,4.7,9.61,0.7,44.05,47.09,34.6,30.4,28.1,0
13.64,55.96,13.83,4.35,14.03,4.05,1.43,60.1,68.1,25.9,39.0,0
49.65,63.28,17.43,6.76,13.56,6.49,9.22,71.12,53.8,28.8,21.3,1
0.72,3.23,21.85,3.99,1.64,3.21,7.5,54.44,37.7,42.3,28.3,0
2.34,21.42,2.05,2.51,0.91,1.0,7.04,47.05,24.2,22.9,27.3,0
10.83,11.78,5.65,1.71,5.81,0.46,16.17,55.6,61.1,28.5,45.2,0
48.89,45.65,6.28,6.21,4.93,1.83,42.06,61.98,88.8,21.4,48.9,0
6.84,15.79,18.73,3.65,17.27,1.89,6.97,59.28,36.8,18.4,35.9,0
12.74,32.33,16.45,6.82,15.85,3.28,35.95,75.0,54.6,20.7,56.2,1
0.76,11.73,43.73,1.06,36.59,0.21,6.77,47.92,68.7,21.7,45.3,0
2.89,49.84,32.81,1.57,31.93,0.45,0.63,56.14,33.0,29.2,45.3,0
77.67,85.55,12.42,3.13,11.92,1.49,1.64,67.17,44.8,45.0,65.0,1
60.4,62.85,28.79,4.54,11.99,0.99,35.0,66.63,39.1,19.6,67.6,1
0.09,32.91,10.94,4.79,11.26,1.6,42.61,37.42,66.8,22.3,32.7,0
54.59,56.79,2.11,3.84,1.47,0.97,4.66,53.97,71.9,25.4,57.6,0
18.35,37.5,73.69,5.98,80.0,3.19,45.58,66.62,54.4,29.6,47.4,1
36.44,32.17,11.97,5.27,12.77,4.87,6.09,75.0,39.4,28.4,45.4,1
10.92,19.52,40.16,2.15,35.33,0.56,1.4,59.98,45.4,37.6,54.8,0
13.05,56.38,48.05,6.48,50.89,6.93,2.13,50.87,42.5,4.2,39.3,0
12.08,38.13,19.06,4.28,12.45,4.04,6.02,45.42,37.3,4.5,46.6,0
19.79,40.6,10.23,4.27,1.77,3.01,6.42,72.86,50.5,21.5,58.5,1
2.71,33.47,11.94,5.89,11.46,5.81,0.73,60.19,60.6,35.9,46.5,0
0.55,46.02,14.47,4.38,11.21,0.67,5.36,46.79,59.4,11.9,21.2,0
6.63,24.85,22.9,3.42,20.55,1.3,7.56,52.27,51.9,-1.1,42.4,0
21.95,31.37,12.92,2.3,0.68,0.22,1.12,56.64,52.9,31.1,53.4,0
4.06,37.97,8.31,3.16,9.06,1.61,4.22,58.62,50.8,28.2,45.7,0
20.14,33.92,36.39,4.25,37.89,1.93,35.01,46.35,32.5,16.2,32.9,0
63.07,66.08,70.97,4.95,64.58,2.36,8.72,48.78,54.4,17.1,56.8,0
1.77,16.65,4.0,2.79,2.64,0.15,2.17,39.95,43.2,17.3,45.7,0
20.1,44.83,32.44,1.66,35.06,0.11,3.37,62.84,31.8,27.0,36.4,0
10.56,12.09,6.87,1.88,1.92,1.16,8.59,51.1,57.6,20.4,36.8,0
36.47,59.11,28.3,4.6,29.01,0.62,38.73,57.96,42.8,30.4,67.2,1
3.51,10.13,7.9,5.6,4.58,3.65,5.28,66.09,55.4,0.3,36.1,0
21.23,29.08,46.04,2.42,39.72,2.41,0.8,55.87,64.7,18.3,37.3,0
32.78,33.39,20.5,4.95,17.87,1.1,42.09,53.04,37.7,15.9,41.0,1
52.08,76.35,11.15,3.6,7.55,0.13,7.92,55.65,53.4,23.7,61.8,0
20.69,41.44,6.94,4.75,5.54,0.64,36.72,54.54,24.8,21.2,31.0,1
12.38,17.69,12.35,2.86,3.22,2.48,1.05,64.59,75.0,33.2,38.1,0
17.31,50.51,25.11,14.72,18.92,14.46,24.77,56.64,31.6,9.3,46.1,1
36.57,35.24,29.97,1.92,31.53,1.0,5.4,49.37,44.3,26.4,64.4,0
15.22,27.33,17.99,5.95,17.42,3.54,45.23,62.91,72.1,31.0,48.5,0
0.56,5.67,32.85,6.37,26.13,5.38,37.42,64.46,48.5,42.7,28.1,1
48.11,58.04,22.95,1.73,22.55,0.14,5.88,42.62,34.0,21.7,68.4,0
21.05,30.38,51.75,5.93,54.05,6.3,8.05,67.03,62.7,28.9,41.5,1
20.31,23.72,18.84,3.68,17.91,1.41,34.76,57.1,62.4,9.8,31.8,0
4.37,23.46,4.17,8.18,3.46,8.99,5.7,56.41,42.5,4.5,35.2,1
19.36,24.13,24.02,3.38,23.91,2.19,15.11,62.56,44.1,33.6,58.1,1
9.01,9.38,14.33,1.91,5.09,0.63,4.92,49.18,45.5,25.9,40.7,0
18.96,20.11,75.84,8.08,79.76,9.85,7.98,62.11,48.9,36.6,43.7,1
2.03,15.92,10.4,1.14,7.47,0.82,1.68,50.8,23.6,13.6,52.3,0
19.3,32.28,4.88,7.21,4.29,4.68,53.24,41.46,49.3,30.7,29.4,0
120.0,111.54,4.09,3.46,3.24,0.39,8.99,45.52,78.8,42.8,76.1,0
0.89,52.19,15.87,3.84,17.34,3.4,3.49,58.82,38.6,29.8,19.2,1
68.04,83.01,1.64,4.2,1.73,1.46,19.4,45.96,43.2,28.5,69.3,1
9.4,34.64,51.51,11.36,52.78,11.69,29.48,67.69,34.2,26.1,40.9,1
36.83,39.99,7.56,2.54,4.89,0.52,17.94,64.11,61.2,11.9,67.0,0
27.45,31.05,6.03,4.77,4.55,1.22,49.52,65.33,70.0,38.2,49.8,1
15.07,35.45,28.16,5.22,0.56,2.13,49.7,55.06,69.7,20.5,37.7,0
24.14,36.18,7.1,12.46,4.51,11.36,32.94,56.19,33.3,30.5,45.9,1
37.94,56.49,15.3,2.38,6.64,0.78,7.96,43.85,59.5,11.9,53.3,0
9.32,23.42,6.43,2.12,5.57,1.07,8.66,62.46,73.5,15.4,22.5,0
7.13,39.11,5.53,2.61,4.26,1.49,5.41,57.23,59.6,38.9,65.3,0
19.83,36.74,5.55,5.57,0.56,0.71,52.73,58.82,59.2,22.9,49.1,0
29.69,42.4,5.28,5.62,5.84,5.23,8.39,68.35,44.9,39.1,50.5,1
25.86,50.22,17.87,1.9,19.74,0.23,4.09,48.85,55.3,25.3,52.8,0
28.77,80.7,7.56,5.06,7.38,2.78,6.4,52.93,70.5,9.4,55.0,0
10.3,40.41,5.73,3.29,4.68,1.88,6.04,56.78,56.9,34.0,38.2,0
30.65,32.06,9.29,1.52,5.32,0.75,3.85,46.05,33.3,20.7,42.5,0
2.31,18.72,16.97,4.23,11.13,1.7,39.82,52.41,45.2,32.3,42.0,0
14.15,29.24,6.16,6.39,4.35,3.75,0.69,58.19,70.1,26.2,45.2,0
0.1,24.81,12.89,2.9,12.5,1.31,15.53,51.23,56.9,12.1,26.9,0
7.06,20.12,69.44,1.41,65.62,0.34,4.83,65.13,53.8,27.5,52.4,0
8.22,26.42,1.55,1.24,0.54,0.09,7.9,41.16,43.7,45.0,41.6,0
9.08,28.37,8.92,4.72,2.35,3.41,4.23,63.54,69.8,30.4,46.4,0
21.4,41.95,18.18,1.8,2.34,0.83,3.03,59.62,76.9,25.5,58.5,0
8.85,13.49,7.18,3.96,6.22,4.71,4.66,49.16,70.9,35.7,39.2,0
10.72,15.93,0.92,2.07,0.42,1.56,2.64,46.14,73.6,27.9,43.0,0
4.88,72.02,31.06,4.71,8.51,1.35,29.24,36.32,46.6,27.9,45.3,0
8.41,9.45,32.77,4.84,34.3,1.93,1.52,47.24,44.5,16.2,31.5,0
4.64,24.42,2.09,2.01,0.17,1.65,3.37,62.9,49.7,28.1,37.6,0
1.37,32.81,9.48,5.32,6.12,5.75,0.61,53.52,52.6,35.3,36.9,0
16.65,22.25,17.32,1.74,17.49,1.32,2.48,63.89,73.5,18.5,32.9,0
19.86,61.12,31.45,2.93,1.99,0.23,7.59,48.73,69.5,38.8,67.1,0
17.39,34.8,1.25,2.88,1.09,2.22,2.61,60.01,60.1,25.2,28.8,0
11.21,66.96,18.02,4.47,16.02,2.94,1.5,47.9,30.5,18.0,27.1,0
8.6,16.12,4.9,4.0,0.15,3.98,9.04,45.79,26.7,35.0,52.0,0
35.82,47.37,23.44,6.69,21.85,6.6,6.1,53.09,55.6,23.4,58.3,0
13.18,24.24,5.11,1.9,0.78,1.14,1.04,48.35,65.2,32.8,30.7,0
11.74,21.54,34.26,1.54,8.81,0.9,1.06,40.89,50.8,23.4,46.4,0
0.47,12.55,24.48,2.01,13.23,1.09,6.01,52.45,80.7,25.5,49.9,0
7.51,21.36,5.99,8.31,4.2,6.47,50.06,54.9,35.8,30.4,38.1,1
8.61,21.38,6.44,11.29,1.81,12.2,16.52,64.78,33.9,28.6,64.9,1
9.16,42.05,2.76,9.01,3.07,10.54,2.52,61.96,42.0,8.0,21.9,1
15.62,45.6,31.49,3.96,31.47,0.8,8.86,64.37,41.5,15.9,49.0,1
13.73,16.08,15.45,2.01,15.97,1.61,5.65,60.12,59.9,34.4,52.8,0
16.85,26.47,10.33,1.5,3.19,0.8,4.46,56.83,45.7,24.8,51.5,0
26.06,47.79,18.76,2.51,19.18,1.3,2.75,43.55,28.8,21.3,44.7,0
30.18,49.59,22.48,1.41,15.76,0.07,1.7,55.27,65.4,13.8,45.7,0
22.79,35.59,74.25,1.83,80.0,0.57,4.12,59.07,25.6,16.3,49.7,1
56.03,67.0,23.53,4.77,8.8,1.71,32.41,66.39,35.9,7.8,68.4,1
0.33,14.65,33.11,2.98,32.86,1.4,0.94,59.83,27.7,25.1,41.2,0
3.92,39.74,18.82,3.4,8.71,0.89,21.08,64.54,55.1,20.6,47.2,0
0.14,33.81,31.15,1.84,28.01,0.57,2.37,45.23,54.8,17.3,24.9,0
18.77,31.29,23.62,6.02,0.98,2.33,41.94,51.23,80.7,25.4,41.2,0
41.1,53.58,10.42,1.93,2.53,0.82,0.91,57.65,65.7,29.3,44.1,0
5.02,19.65,28.52,4.16,23.02,2.61,5.76,63.87,73.6,44.8,33.4,0
47.12,57.5,22.88,2.88,23.37,1.14,4.85,52.77,56.3,12.4,66.4,0
1.12,41.24,9.24,4.64,5.58,4.61,6.5,53.3,37.3,36.4,36.6,0
49.05,55.75,14.09,4.75,13.37,0.5,30.78,59.84,53.9,34.8,83.1,1
7.8,18.28,4.95,1.37,5.37,0.33,4.08,44.43,60.9,19.0,40.4,0
1.92,20.18,7.57,3.6,0.14,2.85,7.14,67.66,62.6,27.8,36.5,0
11.98,25.44,1.93,6.52,0.35,5.88,0.73,46.53,44.9,21.9,41.5,0
5.34,14.76,3.56,2.6,0.58,0.27,5.37,37.69,59.3,27.7,31.0,0
6.04,35.74,14.33,2.82,13.69,0.22,1.52,54.09,38.0,39.6,37.1,0
6.61,38.64,6.39,7.78,5.62,8.9,4.42,68.44,36.4,31.5,49.3,1
29.24,46.22,2.7,2.85,2.54,0.38,7.62,58.98,35.3,30.6,49.3,0
13.94,23.01,38.35,1.35,39.86,0.74,1.78,60.38,52.4,22.1,33.3,0
6.71,42.26,2.35,8.36,2.04,7.83,8.92,54.35,34.3,12.6,28.8,1
16.96,20.94,18.6,4.15,15.48,4.07,8.5,52.7,45.6,24.1,38.1,0
22.67,35.65,21.67,2.07,23.95,0.76,4.23,40.87,65.5,36.9,45.9,0
5.73,71.31,19.14,8.91,2.51,7.88,0.55,35.0,36.6,12.3,49.5,0
9.61,29.91,23.54,3.99,3.51,2.24,7.61,55.67,44.4,16.5,25.9,0
2.34,16.73,13.24,3.44,12.28,0.2,8.43,65.16,53.1,27.1,32.9,0
3.6,29.7,10.43,3.21,9.57,2.95,2.07,56.93,55.7,17.1,38.1,0
20.57,44.11,10.83,3.16,11.3,2.2,8.75,59.3,44.5,18.9,25.9,0
3.6,46.35,24.55,5.03,11.59,2.23,8.73,67.46,63.8,22.2,28.3,0
13.41,21.01,39.48,11.25,37.97,11.57,36.76,56.79,60.9,13.7,34.2,1
22.22,46.21,6.25,3.48,0.67,0.35,7.68,52.96,69.1,17.2,37.0,0
2.03,20.26,29.74,3.43,17.96,2.38,4.5,47.04,50.8,32.3,37.8,0
15.08,33.12,18.43,4.96,4.37,1.91,20.95,71.19,44.3,14.2,40.2,1
5.34,22.54,16.87,2.16,7.0,0.88,3.38,58.48,41.8,11.6,31.8,0
59.31,68.19,10.01,4.91,1.23,2.78,1.94,45.98,56.6,20.3,66.0,0
11.89,14.6,19.24,4.88,7.39,2.45,46.96,44.05,46.3,32.6,57.6,0
29.52,38.61,35.94,7.71,26.01,5.8,0.51,64.65,43.5,24.2,64.7,1
14.38,30.35,3.99,6.7,1.37,5.0,40.49,45.18,45.3,21.8,22.2,0
0.8,25.55,26.52,2.86,5.29,2.55,8.28,69.76,41.7,26.4,41.1,1
18.05,35.76,12.07,2.07,5.18,0.75,2.49,35.0,55.0,10.3,41.3,0
54.44,66.09,4.57,4.51,2.0,2.64,3.5,66.09,30.8,30.5,61.0,1
16.57,43.08,21.47,3.09,19.96,1.12,5.79,58.14,56.5,29.5,38.5,0
30.79,74.87,26.13,5.66,21.29,0.81,53.15,55.01,62.1,22.3,50.0,0
38.81,49.29,26.76,5.65,26.74,2.19,32.55,52.51,43.3,35.1,54.0,1
4.66,13.45,19.94,3.57,10.47,2.24,3.8,70.07,80.8,15.9,31.3,0
4.29,39.91,10.19,5.76,10.26,2.38,42.1,60.01,52.3,36.2,28.0,0
16.99,41.56,18.52,7.66,4.7,8.86,2.54,46.32,28.6,27.4,38.2,1
9.53,23.44,13.7,1.86,12.83,0.75,0.87,39.39,47.8,23.0,41.6,0
32.97,65.0,8.69,4.02,8.55,1.25,2.06,55.51,52.9,25.8,55.8,0
41.45,44.45,53.68,4.71,46.63,2.61,0.92,53.99,58.7,25.0,62.2,0
7.85,23.08,39.53,2.19,42.1,1.97,4.72,41.08,48.1,37.0,33.6,0
4.87,19.06,42.51,0.87,34.88,0.01,5.78,53.53,36.8,16.3,40.0,0
27.3,61.44,8.35,4.71,6.94,1.08,44.32,49.12,35.6,19.1,56.9,1
5.78,28.54,22.3,1.8,6.68,0.78,1.31,54.08,42.2,35.3,49.3,0
31.13,33.4,27.78,5.12,29.22,5.19,4.87,60.17,43.6,20.6,48.4,1
9.92,89.06,22.12,8.06,24.09,7.14,7.69,66.69,35.0,34.1,37.3,1
19.82,45.07,34.13,2.98,19.54,1.0,6.15,61.73,41.0,41.3,45.8,0
1.81,12.57,4.42,0.87,3.7,0.21,1.44,47.87,61.9,22.4,24.3,0
17.6,61.23,36.83,2.38,21.69,0.49,8.49,57.14,76.7,32.1,41.0,0
10.82,28.34,20.05,2.89,10.69,0.42,26.74,54.54,63.3,15.6,47.3,0
15.9,30.67,5.9,3.73,5.98,0.45,46.74,42.68,71.6,32.8,48.6,0
3.31,20.8,25.44,2.63,24.34,0.57,6.04,57.38,66.6,27.8,33.8,0
24.03,39.42,6.93,5.07,7.19,1.72,44.65,69.78,64.5,30.3,48.0,1
35.75,48.93,16.36,3.12,15.5,1.04,8.98,54.28,46.9,20.2,42.8,0
4.4,21.05,9.06,3.5,7.18,1.62,27.15,40.45,54.1,11.1,44.0,0
1.81,14.12,16.66,3.42,12.41,1.06,27.42,54.26,45.7,30.5,35.0,0
0.43,10.72,22.8,3.51,0.5,3.59,2.29,43.68,48.7,7.4,32.4,0
18.49,37.28,9.18,9.05,8.96,8.02,41.44,61.34,53.0,23.1,39.7,1
16.82,24.81,11.75,2.6,10.4,1.18,7.53,58.46,62.7,34.5,41.9,0
14.24,36.32,13.16,3.17,8.72,0.12,37.54,52.55,58.3,27.7,36.9,0
4.75,48.81,24.74,2.51,26.24,0.7,7.09,51.19,49.6,43.5,43.7,0
8.92,26.52,11.85,2.27,4.9,0.25,8.24,52.2,52.8,35.2,35.1,0
16.25,36.09,28.33,2.53,28.04,0.98,6.82,54.07,58.5,20.1,58.2,0
12.36,48.82,23.59,4.1,6.29,2.22,6.22,47.44,62.0,26.2,55.2,0
79.29,83.58,23.02,5.28,18.95,2.19,28.06,42.2,29.2,25.6,61.8,1
2.64,14.24,4.01,1.22,1.45,0.83,4.7,63.68,35.8,11.8,36.9,0
21.38,19.36,9.85,2.65,2.48,2.76,4.16,50.72,68.6,17.5,38.1,0
9.32,28.79,28.69,1.49,19.72,0.35,6.08,55.42,51.1,21.0,35.9,0
10.06,20.67,9.83,4.43,0.18,0.68,52.8,56.42,45.6,7.7,59.6,0
22.76,34.65,46.68,6.04,49.83,2.98,44.0,56.74,48.0,26.4,42.2,1
21.22,20.2,5.62,4.05,2.64,0.49,36.45,44.02,48.0,23.8,48.2,0
85.31,87.78,29.6,6.57,28.88,2.51,24.07,39.76,60.4,10.9,78.8,0
2.47,9.32,12.19,9.71,10.27,9.74,29.68,49.0,35.4,29.6,26.1,1
1.98,7.68,12.19,3.73,11.06,4.26,1.45,57.36,52.4,32.4,27.3,0
23.19,27.84,9.36,1.39,1.08,0.38,4.51,47.81,55.7,28.0,33.4,0
15.55,20.49,5.1,2.18,5.58,1.59,2.87,50.98,57.9,23.1,33.1,0
5.77,39.01,4.47,4.14,2.65,1.6,32.59,72.08,55.3,31.3,15.0,1
1.49,41.0,8.39,8.16,8.3,9.11,1.56,38.31,59.7,32.1,41.1,0
1.61,22.51,10.53,7.64,10.79,8.11,1.68,47.58,43.4,28.8,56.3,0
40.43,90.95,22.65,3.4,23.0,0.49,7.71,70.12,37.9,18.6,54.7,1
3.83,17.91,26.12,3.34,19.45,3.54,7.33,53.62,88.9,28.5,22.6,0
7.03,15.12,28.26,3.01,8.14,0.49,1.44,48.0,47.5,36.8,31.7,0
4.63,22.09,7.88,1.89,3.94,1.05,6.51,63.93,49.2,20.6,32.5,0
7.89,14.99,6.9,3.3,4.91,0.93,5.98,54.47,62.2,44.9,28.4,0
1.3,20.72,28.14,2.62,19.49,0.59,6.92,51.04,75.9,21.3,44.2,0
13.18,40.74,2.53,5.3,2.35,5.28,4.77,55.64,43.8,26.3,49.0,1
1.26,9.21,12.94,1.13,13.72,1.01,2.93,48.41,37.0,19.9,24.0,0
29.0,73.98,2.73,9.14,0.21,4.96,28.49,45.35,33.4,28.0,55.3,1
4.79,73.16,6.62,10.34,3.39,10.9,3.84,53.03,75.9,10.3,52.4,0
13.98,72.9,21.92,5.65,13.7,5.23,2.47,45.41,36.4,21.1,60.3,0
38.18,35.53,23.1,2.38,8.37,1.06,4.18,54.09,51.6,16.2,80.8,0
18.94,28.75,13.99,6.8,10.49,3.57,48.97,57.01,37.3,27.2,34.5,1
13.7,34.8,20.49,2.96,18.2,2.44,4.78,61.25,30.3,35.0,69.4,1
7.06,11.25,4.96,6.35,3.92,4.16,53.32,63.59,47.6,31.8,34.6,1
7.29,11.98,7.79,1.28,4.66,0.43,7.99,50.55,37.9,4.7,32.4,0
19.93,19.74,30.88,4.14,17.16,2.79,29.31,58.25,41.6,44.4,47.2,1
92.51,98.14,11.79,4.83,9.77,3.34,4.4,58.19,82.1,28.7,70.8,0
19.52,40.89,1.6,5.79,0.2,3.48,39.59,56.79,58.4,19.0,47.8,0
14.69,50.97,14.57,8.8,13.44,7.04,44.65,49.92,66.0,27.4,28.4,0
23.61,47.16,14.46,3.21,11.25,0.12,31.62,45.26,64.4,27.6,43.2,0
11.27,39.88,6.54,4.28,1.18,1.13,6.72,58.27,50.5,20.0,52.9,0
1.12,4.66,18.04,2.16,16.27,1.33,7.54,39.49,45.4,27.8,34.9,0
14.87,35.16,17.16,4.13,9.6,0.86,39.48,51.72,55.7,20.5,43.1,0
56.9,66.13,7.73,2.8,2.74,0.77,2.07,35.0,54.5,22.4,65.4,0
3.47,13.87,15.89,3.61,10.37,0.44,51.24,42.64,43.5,19.8,48.3,0
21.08,31.94,22.09,5.47,11.3,3.7,6.24,46.54,53.9,13.1,27.9,0
4.04,27.84,47.81,7.33,39.74,7.01,20.55,63.32,41.4,27.3,42.7,1
13.81,43.33,19.5,1.88,20.15,0.24,4.68,59.85,49.4,31.3,38.5,0
1.83,64.97,10.53,4.26,5.19,0.45,3.98,49.29,47.0,30.6,37.5,0
10.77,34.59,9.43,2.5,2.07,0.8,2.07,60.2,33.0,33.4,50.4,0
25.4,55.48,33.55,3.67,36.22,2.59,5.08,61.54,16.7,28.9,34.5,1
7.69,39.61,36.58,6.43,28.31,4.39,4.64,52.63,37.9,21.2,28.3,1
19.68,56.77,2.92,5.34,1.92,0.12,42.26,42.23,79.1,33.6,24.5,0
28.56,31.45,10.43,5.12,0.89,2.55,2.77,52.23,47.4,13.8,42.4,0
47.16,60.0,15.61,1.82,16.17,0.38,2.43,53.17,63.6,17.9,69.5,0
4.81,12.67,25.68,10.25,19.51,10.04,7.83,43.52,20.1,17.3,36.0,1
9.17,16.89,3.62,5.91,2.96,6.44,6.82,57.12,36.9,35.7,25.7,0
2.98,28.52,18.69,8.21,17.59,8.93,7.45,56.38,31.7,34.5,31.5,1
88.03,101.12,5.7,2.77,5.3,0.34,1.61,57.78,49.0,30.4,59.7,1
47.11,65.29,4.85,2.59,3.29,1.24,2.52,56.37,88.3,35.6,44.9,0
13.98,23.77,29.73,1.23,5.25,0.44,5.68,60.2,58.9,18.1,45.2,0
33.22,48.59,8.05,3.22,8.18,1.75,8.21,52.48,77.4,29.1,38.2,0
13.25,26.51,23.77,1.76,22.93,0.68,8.53,55.72,48.2,24.9,52.1,0
17.59,40.16,13.75,3.41,7.74,2.83,7.99,50.62,72.5,33.6,42.2,0
1.68,40.67,3.75,4.62,3.5,1.68,0.89,49.03,83.1,25.0,36.6,0
25.34,29.71,29.9,3.83,32.45,2.36,7.89,65.38,50.4,22.5,43.6,0
2.46,20.85,1.54,4.13,0.68,3.69,8.59,36.63,43.9,30.9,43.8,0
31.48,60.63,31.12,5.89,27.68,2.29,31.7,61.45,32.2,33.9,57.0,1
27.42,27.42,32.8,2.14,20.45,0.75,4.25,48.73,47.4,20.0,50.7,0
22.2,54.92,13.99,3.31,3.89,2.32,5.33,47.62,53.2,25.5,50.6,0
0.66,2.59,26.42,6.73,2.17,5.07,39.84,56.22,82.5,16.5,33.2,0
6.5,12.67,30.65,3.08,28.3,2.27,5.15,41.34,32.6,3.5,43.3,0
5.5,22.74,28.68,4.85,10.16,2.18,44.71,47.06,52.9,27.8,34.1,0
8.04,21.73,2.83,8.97,0.72,7.79,46.81,46.78,24.8,31.5,38.6,1
1.65,14.92,30.37,2.49,30.1,1.78,8.96,52.12,45.6,28.4,33.0,0
49.75,102.2,8.49,13.44,6.07,14.5,4.86,47.16,56.7,8.5,52.8,1
14.53,18.66,5.58,1.8,5.88,0.45,16.55,67.61,59.7,22.8,34.6,0
6.56,32.29,24.06,3.62,14.93,2.05,6.49,69.27,60.8,6.0,42.6,0
9.1,69.18,11.73,2.47,12.86,0.5,4.25,36.81,58.0,38.3,52.2,0
10.67,43.63,13.16,2.99,5.89,1.48,0.88,58.63,60.7,16.2,51.5,0
16.52,38.6,5.16,4.97,2.25,0.5,27.51,61.3,52.7,37.3,29.9,0
13.05,33.52,11.51,3.08,12.74,0.75,3.03,58.62,36.3,34.5,53.8,0
45.33,51.92,16.55,2.79,16.1,0.73,0.94,48.41,24.2,17.9,52.2,1
12.37,23.11,27.3,1.41,27.5,0.98,0.69,51.93,43.8,15.8,46.6,0
87.27,79.36,28.59,5.83,9.47,0.38,47.18,47.64,50.0,29.2,65.2,1
34.32,66.84,17.77,4.91,12.54,3.51,2.77,50.43,70.8,18.4,51.9,0
4.21,9.29,5.31,2.02,0.67,0.52,4.53,43.72,50.5,26.9,40.0,0
48.02,58.58,30.15,4.46,32.6,1.43,9.06,53.02,49.1,21.7,41.8,0
2.23,16.45,6.91,0.96,4.37,0.03,4.71,41.23,57.8,10.0,42.1,0
30.61,47.66,13.03,2.16,14.24,0.29,1.21,52.3,47.9,5.9,62.2,0
8.62,36.69,33.45,4.42,27.6,4.32,5.47,43.39,64.2,28.0,37.1,0
37.86,45.24,17.51,3.8,18.27,3.4,1.29,55.76,81.7,20.9,65.6,0
36.46,38.1,14.14,5.01,9.7,2.85,27.16,48.22,84.9,21.0,49.5,0
29.51,35.6,22.34,2.65,16.81,1.33,8.16,56.47,53.5,32.3,56.8,0
28.09,32.31,35.07,1.91,35.92,0.39,3.1,63.19,57.1,36.6,25.5,0
6.54,68.07,26.54,3.23,22.81,0.28,6.61,67.51,75.7,23.5,62.1,0
1.52,46.23,18.77,3.42,11.23,1.94,5.08,35.0,49.8,22.9,50.6,0
9.28,12.91,12.0,5.58,11.98,3.36,2.5,46.91,62.2,30.5,36.3,0
3.43,17.62,7.62,8.7,2.34,6.24,49.16,51.42,35.0,13.8,16.8,0
21.37,26.27,16.18,4.64,9.15,0.9,1.12,57.91,47.3,28.0,47.5,0
7.65,17.22,5.76,2.11,3.46,0.61,3.62,39.97,69.3,31.0,24.0,0
66.84,68.8,8.55,5.52,8.32,0.29,55.16,45.65,41.2,32.1,69.5,1
18.44,24.61,15.43,3.71,14.9,3.71,2.56,55.11,50.1,8.6,47.4,0
31.12,61.82,18.69,3.54,2.74,1.04,6.44,54.72,28.4,19.1,39.6,1
2.56,26.18,2.82,2.39,0.19,1.17,0.97,57.21,82.1,18.1,47.4,0
35.65,52.95,6.41,6.47,6.36,5.89,4.86,57.77,70.9,26.9,59.1,0
46.09,87.48,5.81,6.11,5.88,3.91,6.93,56.88,54.8,30.3,65.5,1
12.02,43.9,7.72,2.97,7.25,0.13,4.37,55.65,59.6,39.5,40.5,0
16.78,33.33,32.25,3.35,34.92,0.02,40.99,54.47,57.9,21.5,28.4,0
26.05,45.15,17.8,4.4,15.23,3.39,6.19,59.65,72.8,21.5,56.5,0
3.46,40.52,6.98,4.03,4.9,1.75,19.96,35.0,44.2,36.3,33.9,0
12.57,46.59,13.61,3.84,2.84,3.36,3.06,67.13,63.0,28.7,26.8,0
9.15,9.34,20.59,4.44,8.68,0.24,8.95,35.26,68.2,37.4,52.6,0
2.85,28.4,13.92,4.73,11.19,3.6,5.96,44.83,70.2,28.6,57.3,0
8.25,27.31,23.18,4.65,11.13,4.74,7.21,52.07,18.1,15.6,38.3,1
1.27,31.53,6.87,5.94,3.64,6.26,8.62,59.72,43.0,14.0,57.2,1
0.47,3.44,6.48,2.03,0.35,0.89,5.46,35.0,36.7,12.0,36.1,0
2.61,42.08,4.84,1.98,4.2,0.79,8.26,53.76,54.2,32.0,32.4,0
59.4,82.21,10.75,3.06,11.58,0.6,5.38,60.74,21.8,36.7,55.4,1
14.35,26.24,25.78,9.87,27.48,9.01,45.23,62.45,21.3,42.6,57.8,1
60.77,108.29,21.53,4.48,21.99,0.38,4.51,48.07,84.6,33.6,54.5,0
10.2,15.69,14.02,5.05,6.32,0.26,55.97,51.44,61.3,36.5,46.9,0
6.73,27.7,19.25,1.59,20.12,0.48,5.48,48.76,53.8,20.8,32.4,0
12.7,22.61,56.58,4.9,61.94,3.22,9.3,50.66,57.5,15.6,36.1,0
10.42,18.62,29.31,6.03,15.06,4.6,7.58,45.23,54.2,33.7,50.0,0
2.01,19.34,19.62,6.27,14.01,3.03,52.74,46.44,67.0,29.8,32.1,0
18.43,19.03,35.63,2.5,35.31,2.24,6.29,57.69,42.5,27.0,39.2,0
4.38,35.45,5.62,10.88,5.58,12.44,3.63,55.12,54.8,29.5,48.3,1
17.4,100.88,11.61,2.81,0.18,0.21,2.03,58.18,55.4,28.9,58.8,0
18.91,22.85,60.21,5.25,66.14,5.71,2.52,55.82,36.3,37.6,50.0,1
2.97,50.31,13.4,2.07,8.6,1.27,0.56,59.99,71.2,37.7,29.8,0
1.14,39.29,27.94,3.03,23.7,1.74,6.56,61.46,45.3,30.9,30.4,0
27.32,27.65,18.23,1.61,16.85,0.23,7.81,39.2,67.3,33.6,48.1,0
11.08,15.78,20.05,1.5,6.13,0.07,2.92,46.74,53.7,30.6,43.2,0
1.08,22.6,7.67,1.08,8.17,0.67,1.33,52.03,76.5,21.8,25.6,0
94.89,111.07,22.34,3.9,13.46,0.63,3.52,53.81,36.4,32.8,84.9,1
1.07,41.47,8.18,5.93,3.7,1.82,43.87,48.3,35.7,13.4,36.3,1
21.38,36.29,7.48,1.42,2.01,0.48,4.56,61.75,38.4,35.5,27.5,0
74.08,82.69,37.8,3.44,13.13,0.47,2.88,70.83,54.0,15.2,59.0,1
4.92,9.23,6.48,3.18,1.37,3.79,3.56,55.58,75.1,28.6,32.2,0
2.76,50.41,14.01,8.69,4.93,5.12,51.85,54.72,75.9,18.4,35.5,0
2.33,40.85,4.41,9.84,3.79,11.78,3.51,61.22,17.4,31.0,54.9,1
6.5,32.84,22.43,3.37,13.88,2.22,7.57,38.14,55.7,25.7,40.3,0
1.92,20.29,40.51,4.52,35.46,4.84,6.13,54.24,15.0,11.6,27.5,1
21.21,65.74,31.71,5.18,12.26,4.69,3.54,62.32,63.9,29.8,46.7,0
1.16,7.65,21.45,4.82,5.54,1.89,56.01,48.53,68.8,20.8,32.0,0
12.82,33.85,65.27,3.31,70.92,0.88,5.86,43.57,51.4,33.9,44.0,0
102.83,151.07,4.07,4.51,0.35,0.53,0.58,52.42,53.3,26.0,87.1,1
30.27,32.29,18.93,4.49,4.87,0.66,1.12,53.48,53.1,29.6,60.7,0
17.19,88.62,10.68,7.6,5.04,5.27,7.27,46.28,40.2,17.4,42.5,0
6.58,42.57,9.81,5.21,6.74,3.39,4.52,71.82,58.5,20.7,54.4,1
17.6,46.19,3.96,3.07,3.63,1.53,4.15,49.93,48.5,21.9,52.0,0
13.48,58.35,5.81,1.51,3.57,0.06,1.81,44.19,66.0,33.7,34.0,0
9.99,49.53,10.36,5.87,4.21,0.8,38.67,53.2,50.3,41.1,61.6,0
2.52,6.54,18.65,3.27,10.72,3.68,7.68,61.72,39.1,18.8,39.4,1
39.18,37.53,10.79,3.41,8.04,2.19,7.96,54.15,29.0,35.7,44.3,1
10.75,21.36,15.74,3.62,17.11,1.82,5.54,58.13,24.0,6.5,56.4,1
3.9,27.93,12.84,1.78,7.58,0.66,3.16,46.59,71.7,15.3,57.5,0
8.25,49.74,18.25,6.62,3.3,2.87,57.69,66.65,45.1,17.4,38.4,1
9.62,23.96,24.15,7.0,22.26,8.2,6.12,58.77,57.1,13.8,34.3,1
31.64,36.73,22.68,8.2,7.62,4.82,7.67,62.91,78.7,11.7,47.5,0
23.81,55.66,4.94,8.0,2.58,0.09,0.53,57.1,43.6,29.7,52.9,0
26.4,37.72,15.61,3.43,2.85,1.91,4.55,61.01,42.6,24.1,59.7,0
0.2,25.91,27.55,3.45,20.32,0.91,8.34,46.58,50.0,29.4,40.8,0
9.69,27.73,33.7,2.01,15.69,1.65,3.54,49.82,52.4,32.2,40.4,0
11.82,20.39,16.79,2.44,8.21,1.88,7.04,65.45,80.3,28.4,55.3,0
0.35,11.08,6.31,4.25,4.43,0.47,56.7,67.26,75.5,31.9,32.0,0
5.42,11.17,19.89,2.33,6.71,2.81,1.87,44.25,61.3,25.4,47.7,0
25.71,65.89,17.96,3.27,12.57,1.42,7.47,56.12,73.7,15.3,43.7,0
2.65,16.06,25.81,11.15,27.5,11.24,48.92,50.34,49.3,35.5,40.5,1
13.79,21.73,9.14,1.52,9.84,0.05,7.05,48.08,56.5,20.7,40.1,0
4.36,6.72,6.72,1.93,4.43,0.52,24.29,56.42,47.5,17.6,36.4,0
0.22,2.54,9.91,3.3,0.7,3.52,9.12,63.7,32.6,24.4,31.3,0
4.97,11.22,7.79,3.97,2.23,2.38,7.7,57.84,70.1,17.8,50.7,0
67.04,82.45,17.5,3.86,14.45,2.18,5.31,51.28,60.0,22.2,57.8,0
29.11,44.85,2.29,8.79,2.52,9.46,19.23,58.38,52.3,29.1,40.7,1
57.75,64.05,11.75,3.03,9.25,1.38,7.05,50.94,52.0,29.1,82.2,0
12.04,17.28,18.34,5.61,19.24,1.62,45.99,57.5,29.4,17.9,50.2,1
2.09,4.46,8.89,5.9,5.84,7.15,1.42,65.87,37.3,21.6,15.0,1
14.29,22.27,39.42,3.45,11.8,1.39,21.8,36.34,57.0,35.7,35.8,0
10.9,24.42,24.48,1.43,13.09,1.22,0.56,60.78,44.1,30.5,21.8,0
33.48,60.71,9.06,6.92,7.59,2.99,50.9,40.92,48.7,44.7,40.6,0
1.86,6.13,34.72,3.71,32.58,2.53,26.54,64.44,50.4,36.6,15.0,0
12.06,24.41,18.84,4.5,16.29,0.92,51.17,48.59,41.8,36.3,39.1,0
2.93,9.24,6.18,1.76,5.94,0.85,4.04,43.65,37.5,13.5,24.9,0
7.07,17.9,51.74,3.63,26.91,1.57,8.16,59.91,27.8,32.9,38.8,1
24.07,91.78,22.36,4.85,21.15,0.22,42.8,57.1,49.8,25.5,29.6,1
11.63,18.27,20.06,5.51,17.59,5.49,1.55,45.51,61.3,21.0,41.1,0
8.49,14.19,19.59,1.17,14.82,0.54,7.5,43.35,27.3,27.5,34.7,0
9.03,109.96,7.94,4.73,7.4,0.62,26.33,52.41,51.6,34.5,54.1,0
11.07,38.89,6.17,2.94,5.18,2.21,5.77,43.77,56.2,30.5,54.1,0
27.67,51.47,15.24,5.98,15.51,3.46,7.52,44.98,37.2,18.1,55.3,0
40.08,42.82,4.39,4.78,1.64,2.72,30.26,54.98,73.3,32.7,49.8,0
55.95,117.97,25.27,4.57,26.59,1.36,5.28,45.79,46.2,20.3,80.0,1
27.83,28.54,21.52,4.69,6.52,5.31,3.37,57.63,50.5,28.0,32.0,0
6.82,46.54,21.63,3.24,15.68,2.31,1.35,66.67,49.6,23.3,24.0,0
20.97,62.47,24.31,3.21,11.81,1.87,1.45,52.74,25.4,24.0,43.6,1
10.36,60.33,19.8,4.14,9.42,3.81,1.73,55.11,67.1,32.9,62.2,0
5.29,60.12,28.89,3.76,24.01,0.96,6.03,71.15,37.7,16.6,35.4,1
33.08,43.82,13.26,5.49,12.88,4.6,1.45,43.91,48.5,43.5,48.1,0
0.71,24.75,9.27,5.0,3.93,1.91,48.87,64.13,61.0,9.6,20.9,0
41.77,55.63,2.14,7.88,1.0,5.34,36.76,63.1,73.9,20.6,63.3,1
11.14,17.07,26.91,1.71,28.96,0.66,8.64,61.26,35.8,29.3,49.5,0
18.25,30.4,36.31,7.8,33.67,7.99,6.14,64.98,45.3,31.3,51.1,1
19.38,61.18,7.89,4.64,2.24,2.56,9.37,56.38,72.7,25.1,37.4,0
40.59,39.73,5.17,2.49,4.61,2.12,0.78,49.05,59.0,25.5,46.2,0
18.22,50.2,6.82,4.51,4.68,1.41,15.69,63.3,62.1,29.7,30.3,0
17.13,50.44,42.61,8.35,46.89,10.04,0.74,63.63,36.2,23.9,43.5,1
1.24,21.88,10.65,3.93,3.45,1.64,36.72,63.4,46.3,38.5,24.8,0
13.15,48.47,28.64,3.64,2.61,1.81,3.97,54.38,49.5,33.6,29.1,0
2.93,10.31,10.55,3.37,2.74,3.76,6.0,47.91,39.1,33.9,32.1,0
24.07,27.08,30.39,1.62,21.37,1.03,3.29,55.63,26.9,17.3,40.9,1
12.92,24.61,33.77,1.67,33.21,0.97,1.93,62.01,44.3,25.3,35.4,0
20.52,42.25,6.33,5.18,6.37,3.38,7.01,62.71,72.3,23.3,48.9,0
0.77,67.61,9.62,2.41,2.05,0.35,8.64,50.35,52.9,16.9,36.1,0
1.59,22.11,10.86,4.18,10.09,3.42,16.52,56.68,72.6,29.2,32.8,0
22.68,33.04,5.49,2.96,2.83,2.06,8.79,42.88,54.7,21.2,47.0,0
1.35,44.7,8.25,4.68,1.07,2.35,28.93,62.37,40.5,31.9,25.7,1
1.33,6.75,33.81,1.87,21.89,0.43,7.12,47.34,71.2,16.4,36.7,0
0.22,4.74,28.53,3.64,27.26,3.7,9.14,60.67,55.2,41.5,36.6,0
56.43,115.79,63.52,6.51,48.85,3.84,1.83,44.23,66.4,17.9,45.4,0
24.08,30.36,13.83,3.17,10.47,2.02,4.42,62.77,36.0,28.0,55.8,1
7.84,58.99,4.85,2.68,4.52,1.14,3.54,56.74,67.6,33.1,29.7,0
6.33,53.44,19.79,2.27,17.11,0.57,4.0,47.36,68.0,20.9,38.8,0
7.75,45.07,14.36,7.41,2.82,3.63,49.6,59.88,56.3,33.7,50.1,1
26.82,66.22,8.44,4.47,4.23,2.87,6.45,48.98,39.9,14.9,56.3,0
19.49,58.92,12.29,3.92,4.47,0.65,9.22,60.37,51.3,39.1,44.1,0
3.69,4.93,36.4,4.63,35.15,3.18,2.17,51.67,61.2,26.1,33.0,0
3.44,28.35,18.12,4.88,14.86,4.18,5.39,39.37,55.5,20.6,46.0,0
1.86,23.07,3.48,4.48,1.63,0.12,4.54,45.65,61.0,23.3,42.6,0
19.43,28.77,2.35,3.92,1.11,2.92,8.77,50.34,67.2,33.3,37.6,0
26.02,37.33,28.88,4.97,29.91,5.82,0.6,65.63,42.3,20.7,38.8,1
5.54,22.74,26.98,12.76,26.11,14.42,27.42,61.66,34.7,19.3,16.8,1
0.38,15.86,24.83,1.36,16.53,0.75,4.82,67.8,51.4,24.0,36.7,0
1.54,48.41,13.79,4.49,3.54,1.42,36.03,68.06,47.1,15.4,34.9,1
61.88,68.24,8.58,7.65,8.34,7.68,3.74,49.45,63.8,42.4,74.2,1
6.3,105.09,19.01,3.32,15.75,0.32,8.17,52.4,35.9,20.9,41.4,1
26.39,33.5,31.25,4.82,31.14,1.49,46.87,50.5,67.3,33.5,60.2,0
17.64,28.83,6.86,2.32,1.98,1.27,6.47,48.29,72.3,27.9,36.0,0
8.66,24.24,13.76,3.93,8.33,1.85,31.24,38.35,52.0,17.1,50.3,0
4.15,13.29,3.97,2.0,2.23,0.93,15.57,53.87,52.9,25.9,31.6,0
2.33,18.79,22.04,5.94,7.72,6.14,1.18,43.07,40.5,33.1,43.8,0
17.18,26.56,19.31,2.02,3.19,0.82,7.77,53.71,43.9,24.3,28.1,0
26.82,57.66,28.48,5.27,30.9,3.4,3.11,71.98,45.9,36.7,49.4,1
18.59,29.25,10.11,5.06,3.14,1.24,31.43,49.67,73.6,35.2,23.5,0
13.6,20.2,6.8,2.44,7.33,0.76,5.98,55.66,50.9,34.3,38.4,0
0.77,15.43,7.92,3.38,8.48,0.64,37.54,61.71,32.2,21.9,39.8,1
62.23,72.0,45.31,8.82,29.24,8.37,5.85,56.38,55.8,16.3,57.8,1
28.85,40.62,23.45,2.72,18.14,1.88,6.31,56.49,64.4,20.5,37.5,0
6.24,107.64,3.17,7.07,0.91,2.63,33.89,50.92,51.6,27.8,46.3,0
70.39,88.45,7.43,5.21,0.87,3.38,7.9,52.03,74.0,30.9,65.6,0
16.58,20.39,19.19,4.03,8.86,0.16,44.7,45.84,63.7,6.5,37.6,0
15.72,45.33,20.56,5.38,9.2,3.89,9.0,61.19,36.3,25.9,42.5,1
24.82,45.91,3.91,2.22,4.21,0.42,4.2,39.2,43.7,27.4,72.5,0
30.06,54.94,31.22,5.11,23.33,3.69,8.24,62.25,55.4,23.5,60.1,1
19.23,48.16,13.4,1.71,2.1,0.43,2.48,42.07,27.0,37.6,55.3,0
2.47,52.86,53.37,5.29,53.27,4.79,0.76,62.18,57.0,29.8,40.5,1
7.43,24.14,4.27,3.73,0.39,3.39,5.66,50.99,25.6,37.8,40.0,0
47.38,59.52,2.0,4.58,1.44,0.96,36.63,43.53,67.4,24.1,32.4,0
4.58,14.73,5.76,1.97,4.57,0.96,9.36,58.92,65.6,34.4,30.3,0
8.38,30.68,12.81,1.34,9.74,0.4,1.44,61.89,59.6,40.7,34.0,0
10.18,18.55,15.06,6.78,3.38,5.9,33.23,50.28,41.9,37.8,20.8,0
10.42,16.83,26.12,1.61,18.18,0.31,0.91,60.13,54.6,16.2,28.1,0
17.09,78.12,9.43,3.61,5.91,1.54,2.45,35.0,44.3,23.7,22.9,0
51.59,62.76,9.76,4.26,0.58,0.73,39.88,42.77,36.5,22.9,57.8,1
4.96,33.16,37.98,11.57,32.53,15.0,5.05,64.99,46.9,30.4,45.4,1
2.33,14.23,35.69,2.47,33.89,1.81,3.65,52.1,62.5,32.2,47.1,0
3.96,75.84,12.58,3.52,12.32,0.37,1.3,38.17,52.7,18.4,40.9,0
39.23,50.0,18.88,4.31,18.12,2.07,29.3,48.06,73.8,26.6,43.0,0
18.68,71.67,2.52,9.67,1.61,10.55,2.16,46.15,63.5,7.8,24.1,0
6.06,34.07,3.54,6.01,3.89,2.04,39.45,52.59,61.9,39.0,20.2,0
30.47,47.09,6.23,2.79,6.37,1.86,7.52,50.85,27.9,21.4,36.0,0
35.57,55.92,51.87,2.6,48.13,0.95,7.49,55.52,47.7,26.5,42.1,0
33.73,47.44,10.3,4.99,11.22,0.28,29.49,53.41,36.0,23.2,48.6,1
45.22,56.25,3.17,5.01,0.12,0.77,54.08,65.56,49.3,36.3,45.2,1
5.23,28.83,32.0,4.97,7.2,2.25,34.38,57.61,41.6,0.5,40.7,1
25.32,24.37,9.62,5.91,0.11,3.72,37.72,57.89,46.3,25.9,44.1,1
11.11,21.68,11.46,6.49,3.48,4.8,43.23,63.9,67.9,25.0,40.1,0
33.21,63.11,9.16,4.42,8.04,3.76,6.0,50.7,59.1,21.9,61.3,0
23.47,56.9,10.15,2.19,4.43,0.26,3.15,43.27,67.1,41.5,33.8,0
26.97,110.07,4.73,7.76,0.65,5.61,5.58,64.26,28.0,18.0,51.3,1
19.22,57.12,7.46,5.55,1.77,2.28,43.26,55.15,52.9,32.9,43.5,0
3.52,41.72,12.4,3.32,9.96,1.39,8.15,55.18,66.5,29.2,33.2,0
14.18,38.3,16.0,5.63,12.73,1.54,52.59,48.62,74.6,37.4,50.2,0
75.2,110.17,34.91,3.35,9.08,0.03,9.08,48.76,28.8,20.0,77.6,1
49.87,65.15,21.21,5.38,20.9,0.21,49.89,61.2,46.7,19.4,48.0,1
0.79,21.79,3.5,3.35,2.26,1.68,26.13,62.37,67.5,35.9,33.5,0
3.24,24.33,5.27,1.88,1.89,0.51,8.56,60.66,49.1,29.8,39.3,0
2.54,47.72,31.25,3.88,29.76,2.41,8.45,60.74,38.3,12.1,33.4,1
23.3,41.19,6.84,2.44,7.0,1.4,0.86,58.84,28.8,21.1,51.3,1
30.65,54.62,17.91,6.94,8.97,7.05,6.53,55.12,37.8,29.5,51.6,1
4.32,16.85,44.97,7.78,46.31,8.77,3.25,52.51,26.7,33.5,55.3,1
12.69,79.79,11.15,11.2,8.83,11.71,6.57,64.29,52.9,19.9,25.4,1
33.07,43.94,6.49,5.7,0.04,4.86,8.72,50.82,65.4,-0.2,48.7,0
23.76,40.91,49.49,13.45,45.09,12.99,28.61,57.14,33.1,30.7,36.6,1
14.07,50.45,25.75,9.84,0.18,2.8,46.66,47.17,55.9,15.0,47.4,0
16.06,64.14,13.28,7.57,13.48,7.09,8.79,48.4,64.7,7.8,26.1,0
12.78,32.96,7.24,3.35,5.22,2.47,9.27,51.99,52.0,0.5,44.2,0
6.36,40.24,10.01,5.53,9.89,4.81,1.06,47.17,27.8,33.3,31.6,0
14.98,22.87,22.42,2.71,10.73,0.35,31.45,60.78,57.8,27.2,34.4,0
21.02,42.72,10.72,3.39,6.61,2.56,1.24,42.54,51.2,24.0,30.0,0
37.19,66.13,31.38,7.4,22.11,7.33,3.54,54.84,49.7,38.5,47.1,1
18.21,70.68,62.84,6.87,41.72,2.26,7.36,55.13,43.8,31.7,54.0,1
25.77,28.35,5.73,5.12,1.04,0.41,7.49,38.61,53.3,40.5,46.3,0
3.14,11.33,17.82,3.02,18.96,1.53,7.03,50.25,59.6,13.5,42.7,0
11.14,13.69,3.87,2.19,1.31,1.9,0.85,56.17,87.9,25.7,56.7,0
0.17,7.37,1.21,3.33,1.1,3.48,1.7,57.64,53.7,11.4,37.7,0
5.1,51.82,43.61,3.01,35.84,1.47,8.93,52.26,74.7,23.9,31.7,0
23.33,32.69,8.41,4.3,9.22,0.61,29.7,59.75,57.4,23.8,50.2,0
86.49,95.05,7.66,8.49,2.54,7.44,1.21,53.07,50.5,31.6,68.5,1
1.88,10.57,10.39,4.25,10.79,3.38,8.02,54.12,54.2,26.4,30.8,0
9.24,22.0,4.32,1.61,4.74,0.91,6.27,56.14,33.7,31.6,24.0,0
28.98,89.33,10.52,6.96,9.72,4.85,20.15,61.88,56.6,32.3,57.3,1
4.11,29.94,18.95,2.3,15.71,1.29,1.99,48.26,22.1,45.0,33.0,0
14.58,43.46,27.53,2.28,30.06,1.02,8.46,49.86,39.1,23.2,43.4,0
23.77,38.95,5.76,5.41,0.04,4.58,16.58,48.31,53.6,17.5,35.3,0
17.23,58.45,9.3,4.48,2.9,4.36,0.95,51.18,69.9,28.2,47.1,0
3.75,46.2,22.18,4.74,1.33,1.2,5.49,66.12,73.5,18.8,29.1,0
7.9,23.85,15.11,1.83,1.46,0.02,2.85,58.87,48.5,39.3,37.1,0
27.57,43.96,37.82,2.54,36.44,0.46,7.99,44.39,54.3,23.5,56.2,0
14.54,61.17,39.6,7.48,33.49,5.14,40.18,48.9,66.8,20.9,49.5,0
0.09,21.55,22.4,6.43,21.88,6.78,15.13,57.17,32.1,21.8,34.8,1
25.76,37.48,16.56,3.4,12.53,1.29,26.4,46.29,58.1,32.5,28.9,0
0.65,17.04,26.45,3.76,25.94,0.91,36.49,47.83,39.6,24.6,65.2,0
24.65,35.01,3.3,3.35,0.92,1.03,8.22,65.43,49.4,20.2,63.6,1
4.07,24.73,9.35,4.72,1.72,5.55,4.73,48.79,45.1,41.0,44.1,0
57.09,62.97,7.15,3.53,5.6,1.06,22.28,62.11,58.5,18.3,53.2,1
8.26,28.24,25.2,2.32,24.81,1.81,3.77,64.67,60.3,26.3,37.6,0
7.13,17.46,9.09,3.24,7.05,2.47,2.07,47.77,65.4,31.9,32.8,0
2.9,29.31,19.85,3.06,8.44,0.5,4.6,46.44,57.2,11.3,48.9,0
6.56,35.32,4.2,2.68,3.42,0.69,4.99,51.65,54.6,30.3,40.6,0
37.67,65.5,12.67,2.87,10.87,0.77,4.81,44.75,79.8,16.5,44.1,0
100.96,115.94,49.33,5.75,40.23,3.76,7.77,55.03,29.1,33.4,75.7,1
8.27,48.57,4.09,4.79,4.44,3.23,5.58,52.25,77.4,17.3,49.9,0
10.72,31.64,30.24,2.75,13.91,2.09,8.5,57.06,47.7,32.2,55.8,0
23.05,40.67,18.95,1.81,5.78,0.37,5.13,65.87,60.6,36.0,60.7,0
39.12,45.95,24.94,2.64,24.1,1.68,2.52,60.95,47.1,33.8,60.2,1
16.18,49.47,15.44,1.83,10.1,0.4,1.67,58.16,41.5,28.3,39.8,0
8.94,20.99,32.23,1.39,4.36,0.16,8.32,37.29,59.3,23.9,15.0,0
9.58,11.99,10.66,6.09,6.45,1.84,57.75,57.77,67.6,20.8,42.3,0
21.41,30.4,1.86,6.77,1.39,8.36,1.56,68.64,59.1,39.2,44.6,1
0.06,37.67,33.84,5.16,24.78,3.95,1.07,35.0,43.9,19.7,36.4,0
17.4,47.33,31.25,4.74,33.76,2.67,4.31,59.86,90.0,16.7,43.4,0
7.91,31.55,8.5,3.36,7.46,2.58,5.29,52.65,70.0,32.0,25.3,0
28.46,106.47,15.38,9.3,3.31,5.4,52.53,46.78,66.0,18.8,53.4,0
1.76,28.43,16.4,5.55,16.25,3.84,26.45,60.81,46.7,17.4,42.1,0
15.97,24.12,16.94,5.44,9.71,2.98,24.61,68.53,42.6,13.0,49.0,1
11.8,19.77,7.36,3.05,4.22,1.21,25.63,60.59,47.8,21.7,49.8,0
18.51,45.83,8.97,3.09,0.46,0.22,7.97,50.84,68.2,25.3,49.4,0
1.21,54.85,30.99,4.91,32.67,1.69,27.53,45.98,37.1,28.2,31.4,0
15.61,34.14,25.49,9.76,24.7,7.47,4.76,55.23,36.0,34.6,41.3,1
14.84,40.14,24.28,3.97,24.43,2.2,2.45,61.42,60.1,30.7,42.6,0
14.8,41.15,8.46,1.9,7.49,0.47,8.12,50.71,56.8,24.3,42.7,0
16.65,98.51,22.79,7.38,22.81,3.21,42.31,51.53,40.4,24.2,52.5,1
20.31,57.18,16.85,3.14,16.12,2.23,3.71,75.0,35.6,30.6,50.6,1
29.42,71.72,24.34,9.42,6.31,6.5,55.22,63.17,73.6,37.5,69.0,1
5.66,14.99,27.44,2.16,25.41,0.44,9.28,63.78,57.4,27.1,59.6,0
31.38,40.02,75.72,5.66,80.0,3.31,8.58,41.59,31.5,21.8,49.9,1
12.41,23.07,34.56,6.14,33.74,3.1,9.48,47.99,32.6,17.1,15.0,0
1.44,18.63,52.04,10.22,20.79,10.37,39.42,54.63,46.6,13.0,48.0,1
1.09,23.03,20.18,2.2,15.35,1.59,6.84,45.49,63.0,32.0,30.1,0
7.32,32.38,20.79,5.31,15.0,5.36,3.14,67.6,60.9,31.2,30.3,1
27.66,43.28,25.63,3.18,25.97,0.06,34.17,65.99,69.0,31.2,43.5,0
22.14,31.09,13.25,1.72,10.46,0.38,8.39,49.46,29.6,24.8,40.5,0
27.97,32.18,3.94,3.15,3.02,1.18,2.67,69.16,55.4,38.7,53.7,0
13.11,39.27,22.05,3.83,16.8,1.92,4.9,53.96,73.4,21.6,25.3,0
10.44,43.04,34.89,3.92,35.95,1.56,1.13,75.0,72.0,34.6,28.9,0
2.87,20.44,13.11,3.0,5.37,0.52,28.32,55.23,57.4,25.7,39.7,0
7.16,10.64,14.98,4.58,15.05,1.44,45.9,58.9,87.2,20.5,44.5,0
10.25,48.35,7.27,3.97,4.63,2.22,2.71,65.9,61.1,31.3,46.0,0
1.67,18.83,36.92,3.73,36.78,1.71,32.55,64.86,67.6,29.7,27.9,0
4.49,10.05,15.02,2.31,15.47,0.23,9.33,58.34,52.7,29.2,27.2,0
16.41,34.63,11.62,8.18,12.43,7.12,41.31,52.8,40.3,26.7,37.3,1
23.95,61.87,24.5,4.83,24.68,2.75,4.29,58.37,38.9,25.7,48.2,1
115.3,113.08,26.81,4.58,24.54,0.82,5.0,47.06,54.7,45.0,100.0,0
48.69,42.85,35.17,3.46,32.03,3.06,1.39,55.29,48.8,36.7,36.4,0
18.52,32.45,35.18,2.59,35.39,1.09,1.18,44.57,25.5,32.5,41.1,0
9.84,20.14,4.8,2.14,0.71,1.65,5.83,38.86,36.6,27.0,26.1,0
18.2,39.03,6.39,2.62,1.88,1.1,5.11,54.43,47.2,35.1,26.7,0
27.72,44.61,26.42,5.98,24.57,5.44,3.73,64.73,62.9,30.7,57.1,1
2.27,15.98,37.7,10.92,41.25,13.19,5.6,61.87,51.8,26.2,41.5,1
9.49,21.44,7.53,4.1,4.9,0.42,1.15,53.3,50.9,23.3,43.8,0
32.96,77.92,1.51,2.48,0.16,0.08,9.0,68.85,37.2,25.3,59.0,1
8.72,37.39,9.18,1.95,5.11,0.58,3.14,49.16,52.3,-2.5,34.1,0
15.27,42.28,12.77,3.7,4.73,1.43,1.15,37.7,71.8,27.9,37.5,0
15.95,51.66,20.19,4.23,16.66,0.39,36.97,35.45,54.3,21.6,64.0,0
3.67,20.42,2.14,5.31,0.71,4.44,1.36,43.96,29.4,40.3,34.2,0
8.1,65.76,5.12,3.25,4.14,1.73,2.11,60.94,33.2,26.2,46.0,1
7.33,32.58,24.49,3.63,26.96,1.98,4.25,48.6,60.8,15.3,38.4,0
0.48,23.12,5.48,3.67,2.38,1.58,7.14,57.92,48.6,25.6,16.7,0
0.44,26.49,22.93,6.89,21.7,6.61,2.95,67.99,50.9,16.6,15.0,1
32.08,43.93,7.17,2.94,6.17,0.09,4.42,44.65,42.8,30.3,43.6,0
5.74,17.12,21.26,3.2,13.99,3.0,8.86,58.07,59.6,28.6,48.1,0
13.14,55.42,3.98,3.97,1.17,2.99,3.16,58.58,47.5,34.6,48.8,0
6.39,13.16,10.44,3.51,4.22,2.32,24.61,46.68,49.2,18.9,47.0,0
50.85,51.57,14.52,4.98,9.32,1.71,42.46,65.51,39.2,26.3,48.0,1
5.4,23.8,25.89,1.21,22.58,0.03,2.1,51.55,65.8,13.7,53.6,0
10.11,18.86,24.17,5.2,10.94,2.77,4.61,50.74,48.7,32.3,29.9,0
37.11,36.11,0.72,8.02,0.69,4.86,53.17,71.95,61.1,30.7,53.8,1
33.21,36.32,23.94,5.6,26.14,0.27,52.59,58.44,34.1,30.5,49.8,1
3.71,13.67,8.25,6.35,0.63,1.13,52.09,61.86,78.0,26.0,34.9,0
29.21,52.03,35.61,1.87,36.66,0.43,5.88,65.52,71.2,29.7,61.5,0
11.03,27.47,29.24,3.06,3.77,2.8,5.94,48.47,23.4,40.4,32.9,0
11.87,49.36,11.47,5.9,11.12,4.83,19.59,64.62,40.0,23.4,26.8,1
2.58,9.89,2.01,4.12,0.88,2.24,26.87,49.73,59.2,27.2,36.4,0
1.51,10.22,16.13,1.27,12.01,1.02,4.72,49.37,32.2,16.2,31.7,0
23.43,44.21,10.53,2.89,9.52,0.38,7.01,51.69,50.0,18.2,79.3,0
12.35,22.31,8.21,3.34,6.34,3.32,7.94,48.71,58.4,26.9,47.3,0
10.34,24.79,15.71,1.62,0.53,1.04,3.41,60.99,49.2,35.9,35.6,0
23.54,28.19,24.66,3.75,27.23,0.05,46.38,56.27,60.1,23.7,35.0,0
26.11,29.88,25.19,3.01,22.94,2.19,2.85,49.82,41.6,23.9,27.9,0
3.11,14.09,18.13,2.81,17.43,0.94,2.31,59.73,18.3,22.3,26.1,1
16.96,55.26,11.99,6.72,10.49,4.01,0.51,51.66,66.7,21.2,43.8,0
2.62,8.32,13.53,2.65,13.13,0.29,9.17,51.21,66.6,28.7,50.5,0
25.05,65.38,2.34,2.51,1.64,1.01,4.47,54.41,89.6,12.5,57.5,0
19.26,54.62,44.39,2.76,49.08,1.02,0.62,57.94,18.9,37.5,46.0,1
56.48,62.03,30.48,3.89,4.55,2.87,0.58,57.31,63.3,20.0,57.2,0
1.29,22.08,21.96,3.99,17.2,2.4,29.34,50.91,22.5,32.5,38.3,1
1.06,26.63,18.67,3.45,10.73,3.11,0.63,61.2,78.3,14.6,30.3,0
5.97,38.02,12.01,2.4,12.9,1.39,3.87,52.11,59.3,32.0,54.9,0
5.46,13.57,26.6,0.71,29.46,0.01,1.07,48.43,37.7,32.0,35.6,0
5.11,39.97,8.99,1.34,3.88,0.46,0.85,41.52,63.7,29.5,36.4,0
42.61,58.47,27.85,15.27,22.36,15.0,6.52,62.36,43.7,17.1,32.0,1
5.17,13.91,13.39,4.12,11.53,1.17,33.54,54.11,56.5,28.2,35.4,0
5.71,27.29,3.89,5.14,1.06,2.33,45.35,55.79,55.1,15.4,45.9,0
25.64,31.22,8.61,6.56,6.33,4.86,8.03,62.89,78.2,23.7,35.9,0
10.75,29.57,17.59,3.09,18.44,0.03,0.76,49.94,79.2,35.3,32.3,0
26.99,37.47,12.94,6.52,5.03,2.57,43.82,42.32,43.0,33.2,55.1,0
1.22,24.35,8.42,1.95,7.74,0.7,1.07,54.59,67.9,26.1,20.8,0
12.03,34.55,10.44,2.17,8.99,0.79,8.05,56.62,57.3,17.2,51.0,0
0.62,48.67,20.55,2.57,15.42,0.77,8.44,51.77,30.8,31.8,30.0,0
1.16,32.63,31.45,5.35,34.94,5.28,7.57,66.53,41.6,26.2,31.6,1
42.64,64.11,10.23,7.16,1.68,0.64,49.85,35.0,87.0,5.1,43.0,0
2.7,6.59,22.28,1.73,9.47,0.17,5.55,63.52,57.4,33.0,40.0,0
13.68,51.59,6.93,1.76,7.35,0.24,2.88,60.72,67.0,25.8,65.8,0
9.53,23.13,9.84,2.72,4.97,0.42,19.31,57.88,48.8,36.8,47.1,0
7.68,14.72,29.72,4.57,29.52,4.66,4.46,35.0,43.9,16.1,29.8,0
41.42,108.95,0.62,7.06,0.14,1.79,35.15,64.91,52.4,-2.6,65.0,1
0.4,12.14,8.34,4.44,1.62,5.45,4.79,45.28,48.0,28.5,32.0,0
19.62,68.31,25.23,6.54,21.71,5.27,6.36,49.68,29.6,28.6,57.6,1
59.54,76.58,10.63,5.94,4.96,5.54,0.62,52.55,37.0,10.8,69.9,1
14.78,42.67,25.28,1.97,16.9,0.8,6.09,57.46,62.6,17.2,15.0,0
49.71,62.82,27.21,3.47,27.98,0.93,6.37,59.44,46.3,45.0,47.3,1
0.97,10.56,10.45,2.12,4.08,2.07,1.92,61.59,52.4,23.2,44.9,0
9.77,42.53,10.91,5.09,3.05,1.42,36.06,60.93,55.5,32.6,40.9,0
5.42,29.27,2.98,5.33,2.08,1.7,57.44,56.15,56.7,20.1,27.2,0
23.62,44.48,21.4,6.07,2.79,0.12,27.19,57.54,69.2,7.2,39.3,0
71.62,82.82,6.85,10.63,4.85,10.35,4.2,44.73,35.5,24.5,48.2,1
5.34,21.56,28.76,1.05,23.62,0.12,3.65,47.62,60.6,23.6,36.5,0
19.11,50.64,26.65,2.64,20.27,0.49,1.62,61.61,63.3,22.4,65.7,0
3.97,32.92,4.23,2.72,0.02,2.61,0.82,61.12,66.8,25.0,44.8,0
15.0,49.8,32.65,5.22,35.36,0.55,49.47,60.15,30.8,28.4,63.7,1
11.22,27.15,2.86,1.35,1.03,0.25,8.96,49.63,55.8,24.6,48.9,0
64.36,71.25,13.89,2.71,13.65,0.38,9.13,61.74,77.7,14.6,74.2,0
16.88,27.88,6.23,4.24,2.05,0.14,7.81,44.13,50.5,30.4,62.3,0
7.74,28.98,2.62,3.81,0.89,0.73,43.86,63.16,59.3,8.5,42.3,1
2.18,6.37,19.37,4.01,16.24,0.62,46.32,51.78,63.7,7.5,34.1,0
2.95,99.84,12.67,4.37,11.81,2.5,5.86,68.32,36.6,32.7,46.7,1
4.6,16.32,7.24,3.67,8.04,0.8,31.89,41.07,79.5,30.6,51.6,0
5.2,51.47,10.24,5.31,8.37,1.8,45.39,68.99,59.5,25.5,32.5,1
34.22,43.85,6.4,3.18,0.88,2.16,6.72,50.93,59.8,13.4,43.2,0
14.83,43.93,28.51,3.49,21.77,0.8,27.91,50.77,27.1,19.6,43.1,1
13.34,73.58,21.22,5.37,23.39,0.36,56.63,55.66,63.9,23.6,49.3,1
2.19,31.99,2.25,6.4,0.51,4.46,5.02,48.07,59.6,11.6,44.0,0
35.41,90.0,30.67,5.89,5.87,2.21,7.62,53.39,76.4,19.3,36.7,0
23.1,64.84,12.24,3.23,11.58,0.16,0.73,47.73,47.3,31.9,64.5,0
1.26,10.25,20.61,8.72,12.89,8.18,45.87,48.04,37.2,38.8,29.2,1
22.15,53.42,16.5,3.99,13.59,3.48,2.62,58.14,41.8,22.2,42.3,1
14.12,38.88,15.3,2.08,16.13,0.41,2.93,46.34,44.4,32.8,32.3,0
1.53,12.9,49.36,9.43,47.97,8.93,1.32,47.47,35.2,8.8,62.7,1
11.03,52.0,25.1,2.6,5.28,0.82,2.23,42.33,71.4,31.9,42.4,0
11.93,17.62,20.81,7.32,8.59,7.41,24.5,49.72,71.9,18.8,31.9,0
3.26,43.56,23.84,2.8,18.67,0.32,4.24,65.15,49.1,28.8,45.1,0
52.44,79.48,16.11,2.73,13.12,0.47,8.85,46.81,46.1,23.8,66.3,0
34.15,51.77,9.47,5.27,7.96,3.28,1.97,47.78,24.8,37.9,48.5,1
19.9,29.84,13.76,6.07,12.34,0.05,41.59,55.65,62.4,18.1,52.4,0
11.17,43.75,12.83,4.83,11.42,0.03,18.69,50.85,76.8,31.6,31.8,0
9.55,11.32,28.24,3.97,14.36,4.83,3.65,72.94,42.4,23.5,34.4,1
18.95,27.06,4.21,1.92,3.09,0.45,6.3,52.62,50.2,24.6,23.4,0
14.19,32.86,11.26,5.87,9.35,5.98,4.3,56.85,58.5,24.3,28.1,0
1.16,23.74,25.86,1.93,24.96,1.11,7.8,62.02,77.9,18.4,53.6,0
12.93,22.19,28.63,5.06,28.31,5.25,4.38,61.86,55.0,25.9,57.2,1
29.56,36.55,17.07,3.75,18.94,1.33,20.03,55.98,54.9,25.4,49.0,0
11.07,40.21,16.25,2.68,15.95,1.82,3.39,52.63,54.7,28.2,56.6,0
0.96,10.23,6.74,1.81,2.89,1.26,6.84,71.2,30.6,26.8,33.8,0
27.78,39.39,17.43,3.55,9.84,3.22,6.39,53.15,30.3,33.2,45.1,1
4.05,10.88,6.52,4.76,1.63,0.97,22.74,50.25,39.9,34.3,37.4,0
5.39,26.24,19.98,4.26,18.96,0.48,34.99,48.51,67.2,16.5,36.2,0
3.24,20.59,10.3,2.07,4.15,0.18,6.03,39.32,47.0,33.8,34.3,0
7.21,9.03,25.79,0.85,21.35,0.16,8.99,60.98,44.1,15.3,49.7,0
25.45,27.74,20.01,2.04,20.34,0.77,1.69,35.0,43.8,31.3,48.0,0
13.19,60.25,29.87,4.44,32.46,3.57,7.69,53.95,49.9,31.6,48.1,0
4.13,15.5,22.64,1.8,14.32,0.39,5.39,52.26,77.5,8.8,47.2,0
37.84,59.55,17.14,3.2,14.01,1.13,5.23,73.04,49.7,26.8,55.9,1
38.1,41.25,12.02,6.9,12.06,5.6,9.16,38.43,40.2,21.8,42.4,0
36.8,85.17,6.71,4.3,5.43,2.61,5.95,46.34,52.4,19.2,38.0,0
4.91,8.38,10.48,3.59,1.95,4.17,7.97,52.84,78.3,38.2,38.7,0
10.8,54.99,8.22,8.11,2.07,6.61,5.13,52.32,44.5,20.1,38.1,1
75.58,86.95,20.38,4.15,3.29,0.2,2.75,49.33,34.3,18.7,69.9,1
26.61,56.27,40.32,8.13,40.63,8.57,6.75,53.31,44.5,26.7,46.8,1
0.5,49.95,2.35,3.79,2.26,0.12,43.37,43.29,53.9,32.2,61.1,0
1.21,26.29,21.93,5.71,16.33,5.86,8.07,57.04,62.3,24.7,22.2,0
11.22,72.95,3.75,3.36,2.2,1.45,2.29,35.0,67.1,36.5,20.2,0
43.19,85.7,57.85,6.98,61.67,2.4,34.62,53.78,36.3,30.8,57.8,1
13.93,44.75,7.41,4.7,6.77,3.42,5.15,48.9,37.7,6.4,37.5,0
12.4,54.4,9.74,5.95,8.36,6.22,5.64,62.64,47.2,21.2,43.7,1
2.01,22.79,17.16,3.33,7.28,2.46,2.24,68.92,62.3,20.9,41.7,0
19.25,26.18,28.21,1.93,25.62,1.55,2.57,51.19,33.1,30.3,56.5,0
31.08,114.91,4.72,3.35,4.48,0.41,7.33,65.82,42.9,2.4,33.9,1
8.62,29.51,27.94,4.29,25.15,4.02,7.07,51.31,43.1,45.0,33.3,0
26.9,49.01,17.15,1.82,12.36,0.27,8.05,45.79,66.1,30.8,51.4,0
60.08,57.48,16.37,6.86,3.78,3.66,27.57,68.84,59.9,27.3,69.7,1
4.1,55.06,12.59,3.17,0.9,1.79,3.27,58.43,65.6,36.6,58.8,0
13.34,36.97,15.94,4.54,17.28,0.98,39.93,54.04,72.1,45.0,50.6,0
6.09,35.96,15.4,3.69,3.68,2.61,6.49,59.84,47.4,33.8,37.2,0
28.34,57.85,32.88,9.59,36.18,4.59,34.88,56.33,34.2,34.5,38.8,1
15.51,24.9,2.91,9.5,2.12,8.0,23.42,53.41,34.3,27.2,36.3,1
18.12,66.06,14.58,3.8,15.41,0.93,2.93,42.73,24.4,24.7,37.2,0
28.78,52.13,16.67,7.46,17.18,7.88,6.84,51.7,45.1,21.7,54.5,1
9.07,10.83,23.53,8.03,15.3,8.47,29.74,59.3,46.2,18.6,41.7,1
44.39,81.71,11.58,6.91,5.14,4.11,25.84,52.96,63.8,19.8,41.7,0
13.71,31.27,34.09,5.53,30.13,5.66,7.04,61.67,52.3,13.8,36.8,0
3.09,15.41,34.25,2.94,21.03,3.09,3.99,57.26,44.6,25.3,45.2,0
21.43,22.91,11.1,2.86,9.02,0.09,37.78,46.54,50.3,10.8,48.2,0
28.37,39.91,11.76,3.34,13.05,2.2,7.71,42.79,36.4,27.7,53.5,0
6.86,20.26,14.75,6.34,9.59,2.72,53.9,52.66,67.4,25.7,41.9,0
35.03,77.02,53.08,10.65,45.47,8.21,41.2,49.54,40.2,27.3,67.0,1
42.59,49.72,55.55,4.15,36.79,2.58,0.92,56.86,34.9,21.3,56.5,1
5.84,10.7,5.37,3.19,2.95,2.96,6.44,47.9,64.3,45.0,33.8,0
73.9,93.83,14.12,5.62,4.17,3.03,18.86,48.77,60.6,38.2,59.1,0
2.73,51.17,75.68,3.08,71.48,1.13,9.15,62.95,26.1,14.8,38.7,1
4.06,20.09,3.86,3.99,3.25,0.35,5.96,55.26,64.8,28.1,15.0,0
3.67,74.82,47.95,7.42,46.63,3.92,51.02,48.03,40.9,20.5,34.8,1
40.4,77.94,15.71,3.42,16.19,0.76,9.45,54.15,46.4,16.9,51.1,1
19.12,68.02,4.27,2.48,0.8,0.82,1.34,65.72,54.8,13.9,30.0,0
2.97,32.91,17.46,2.67,5.31,2.39,2.99,56.5,60.8,29.9,27.1,0
10.45,36.91,17.27,4.33,8.8,3.83,6.4,59.04,58.7,19.9,47.8,0
17.2,27.65,25.67,3.02,22.89,1.99,3.34,47.61,51.3,34.7,45.0,0
1.57,62.75,15.71,6.79,6.43,6.55,3.62,62.72,45.6,34.9,36.7,1
38.53,87.55,6.61,2.99,6.24,0.75,8.53,73.7,58.2,38.4,55.4,1
29.3,87.2,34.17,3.5,36.52,0.77,5.71,47.27,50.2,18.3,49.1,0
12.67,31.94,2.11,4.8,0.78,1.56,47.8,43.95,79.1,30.3,53.1,0
61.47,69.11,18.95,5.17,11.08,4.44,3.3,55.49,60.8,31.7,63.9,0
9.74,44.91,23.59,4.2,11.44,2.38,21.17,61.44,38.1,21.7,24.8,1
74.56,78.38,5.79,3.65,0.91,0.03,5.51,53.22,44.8,19.1,84.9,0
19.84,38.22,20.06,2.78,1.16,2.53,2.06,45.05,52.7,40.5,47.6,0
18.13,18.96,12.6,3.46,5.32,3.17,8.21,53.08,71.5,28.0,37.3,0
3.27,29.02,6.51,1.85,1.71,0.67,5.7,59.08,73.2,31.7,23.9,0
38.46,65.53,14.28,2.39,9.56,0.15,1.03,50.54,46.1,18.6,56.3,0
10.04,61.08,25.28,6.26,15.47,2.27,35.47,59.16,38.0,15.0,38.3,1
3.19,40.32,18.23,2.38,19.63,0.14,6.05,63.9,36.1,20.9,52.2,1
0.23,42.28,10.85,3.2,10.83,1.34,3.52,56.04,55.8,24.9,31.6,0
14.77,81.17,6.66,2.3,5.34,0.03,5.12,53.76,86.6,16.4,33.3,0
13.49,22.58,15.18,3.38,1.85,0.61,8.68,61.05,60.1,25.9,50.0,0
22.87,28.93,21.28,2.25,4.32,1.39,3.65,46.72,28.1,10.8,54.5,0
39.77,58.76,9.73,4.88,7.88,0.32,57.29,45.88,41.1,15.9,54.6,0
1.49,9.76,47.29,1.77,35.38,0.3,7.88,51.73,42.6,32.0,42.4,0
23.67,47.63,7.77,5.35,3.35,4.8,3.37,49.82,39.7,31.4,45.3,0
3.74,11.96,10.02,2.72,6.86,0.1,39.14,47.17,46.2,22.5,39.0,0
35.16,40.36,28.62,5.88,19.88,3.26,2.13,69.56,57.5,16.8,62.5,1
30.77,30.91,20.88,5.06,17.93,4.55,9.04,72.46,62.2,16.8,55.1,1
14.01,37.87,38.92,2.56,39.21,0.28,17.37,50.99,68.4,22.6,39.6,0
22.3,25.7,2.51,1.47,2.68,0.49,2.52,54.78,59.9,31.8,58.6,0
6.79,37.19,0.33,3.6,0.28,3.23,5.48,52.4,22.7,34.4,15.0,1
11.47,44.87,11.79,5.55,6.52,1.2,21.78,63.41,36.1,21.5,60.7,1
31.03,38.59,2.7,3.5,2.49,1.85,6.57,65.1,49.6,15.6,31.9,1
11.07,47.95,16.57,4.51,9.51,3.78,2.17,38.89,54.2,28.4,33.7,0
7.97,42.38,32.58,4.62,29.71,0.34,45.29,58.05,64.9,18.6,38.2,0
12.27,55.62,17.11,4.71,14.94,2.21,7.92,42.89,52.6,21.3,39.1,0
31.71,38.31,9.45,7.61,2.26,8.22,3.43,68.95,52.8,37.9,59.3,1
7.35,17.21,31.31,0.66,1.64,0.14,1.48,57.74,55.6,33.4,27.7,0
3.44,36.76,30.68,2.34,32.2,0.15,8.01,47.0,48.2,27.4,39.2,0
22.41,43.74,13.02,3.45,9.04,1.97,7.36,51.95,53.3,14.6,39.3,0
31.47,53.17,39.02,9.05,31.01,6.8,6.65,51.54,68.9,27.9,52.1,0
1.91,55.36,17.95,3.28,19.83,0.68,8.7,58.46,50.7,35.6,35.2,0
4.94,44.56,69.19,3.98,75.36,1.12,32.09,62.86,51.5,22.6,38.2,1
2.76,37.98,27.71,1.22,25.89,0.23,1.65,44.24,51.5,38.2,30.7,0
7.7,39.43,11.36,5.33,7.26,1.1,54.06,69.63,71.5,37.6,33.4,0
10.77,51.93,22.94,4.21,24.89,0.15,35.04,67.65,35.4,41.0,42.7,1
24.87,40.04,8.91,1.7,6.41,0.82,1.28,46.56,78.6,28.7,55.6,0
18.96,24.35,8.06,3.31,4.07,2.31,5.32,54.62,34.4,31.3,37.5,0
17.46,28.32,7.34,9.97,4.49,11.3,0.63,68.54,42.2,38.7,34.2,1
7.82,18.75,13.3,3.67,6.73,4.08,4.49,64.48,63.2,30.0,44.7,0
33.15,29.33,10.08,5.12,1.36,3.44,18.57,51.14,67.5,21.5,49.6,0
11.47,42.68,6.69,1.81,3.32,0.83,3.81,60.92,30.9,22.0,48.5,1
69.63,76.2,15.22,2.32,13.22,0.34,6.58,75.0,35.6,28.1,57.3,1
18.1,34.55,44.22,3.95,40.98,2.21,27.53,54.89,56.2,14.4,25.4,0
2.43,16.23,11.69,4.7,7.59,1.02,48.49,48.62,87.2,24.7,30.8,0
20.3,38.68,17.91,7.64,6.27,1.52,48.37,55.47,70.7,35.9,36.5,0
7.08,65.06,7.72,3.26,4.2,0.32,6.97,56.1,48.3,6.3,37.4,0
20.87,22.41,8.4,2.53,3.63,2.15,5.12,49.54,15.7,39.8,38.0,0
1.3,67.37,15.18,5.05,15.95,0.45,54.49,57.75,53.2,36.1,43.0,1
3.46,28.7,30.6,4.73,21.95,1.11,43.75,43.34,57.4,21.9,33.7,0
34.85,44.55,9.64,1.15,7.05,0.16,0.72,48.34,46.3,30.9,52.2,0
4.64,20.35,18.71,5.68,12.33,5.57,1.22,60.45,39.2,26.0,38.7,1
32.66,38.07,16.29,1.46,14.36,0.03,6.34,39.08,54.4,37.1,51.6,0
5.89,8.14,0.84,6.3,0.92,8.02,3.78,61.68,37.9,34.8,37.4,1
18.53,24.59,6.49,2.86,3.8,2.74,1.0,36.9,80.1,13.4,48.4,0
21.32,39.62,12.26,3.74,12.56,2.18,3.18,39.28,74.8,31.3,36.6,0
12.94,28.95,15.46,9.53,13.78,8.45,46.64,49.76,61.9,24.1,54.8,1
6.56,35.63,3.01,1.67,0.76,0.14,8.75,56.44,53.3,26.7,35.6,0
4.3,17.93,5.18,3.25,4.24,2.99,2.33,65.26,42.1,19.4,23.8,0
0.61,13.25,14.31,4.03,15.01,4.48,1.79,54.49,51.7,41.7,37.2,0
6.52,86.83,11.29,4.98,3.86,0.29,6.14,51.9,76.6,35.4,29.4,0
19.06,26.75,27.61,2.52,21.3,1.97,5.2,58.93,65.0,19.3,50.2,0
50.14,53.75,2.2,2.41,0.39,1.16,5.68,46.6,55.1,14.0,79.7,0
36.89,73.65,6.64,3.48,2.82,1.38,4.42,55.19,65.9,22.5,43.7,0
26.15,57.77,7.36,5.37,4.02,5.21,4.7,43.8,60.2,29.9,50.1,0
27.96,39.55,33.54,3.03,34.34,1.84,7.51,54.7,57.9,28.2,30.0,0
19.68,54.31,19.82,1.67,19.86,0.22,2.48,52.9,66.7,37.3,48.4,0
5.43,28.06,24.19,6.56,25.51,5.71,4.07,47.16,59.8,33.1,28.6,0
42.79,50.77,19.11,4.28,7.48,0.47,42.98,55.4,64.9,34.7,48.0,0
20.0,50.9,32.53,6.43,24.2,5.69,2.21,55.35,54.4,28.9,33.0,0
14.8,34.35,29.61,10.34,29.3,10.02,3.14,63.99,48.2,13.5,49.0,1
2.12,5.16,13.23,5.63,6.19,4.47,2.22,40.35,43.8,24.2,46.0,0
10.66,43.0,73.68,3.76,77.27,3.1,0.68,53.35,42.0,35.5,40.0,1
11.1,28.9,26.77,6.79,29.15,3.87,2.93,47.54,27.9,25.5,31.4,1
35.99,86.58,67.54,5.62,63.53,3.99,0.92,61.39,38.3,30.5,67.1,1
14.24,50.87,31.14,2.68,32.95,1.9,1.89,60.41,37.9,23.1,33.9,0
8.62,32.12,27.46,3.31,22.34,0.88,3.76,58.32,44.4,16.7,17.3,0
67.75,73.72,34.25,2.65,33.06,0.67,0.69,48.02,75.4,24.9,70.1,0
2.11,23.13,14.14,3.52,7.9,3.5,7.28,61.53,49.6,28.8,24.9,0
9.88,18.5,19.35,5.19,17.25,1.91,37.52,40.99,55.6,20.1,49.3,0
0.77,25.45,9.69,4.07,2.68,1.69,26.34,39.25,56.1,23.9,31.5,0
24.24,79.4,13.28,5.41,14.53,1.98,9.36,43.16,75.8,17.5,51.9,0
45.04,109.87,23.17,7.49,25.47,4.66,6.61,53.72,43.4,36.1,69.3,1
5.91,52.87,30.83,4.62,19.15,3.89,7.19,59.74,48.7,23.3,25.6,0
35.18,53.67,28.88,2.78,22.85,0.24,20.31,35.0,50.4,39.1,45.2,0
6.22,11.03,16.61,2.48,6.7,1.0,8.04,65.24,69.0,39.8,37.0,0
43.5,57.34,12.33,2.94,9.64,0.66,9.01,55.11,72.2,25.3,69.9,0
25.24,61.96,3.81,2.73,0.13,1.63,2.63,40.67,59.1,16.9,39.8,0
29.42,62.48,6.36,2.04,1.98,0.14,6.68,54.86,70.5,7.2,42.3,0
0.33,19.2,14.77,3.56,14.55,3.69,7.22,63.29,54.7,12.8,39.9,0
59.25,68.15,19.41,2.64,12.76,0.32,3.25,59.1,49.4,13.6,55.9,0
23.35,48.25,13.23,1.95,2.91,0.75,4.78,63.34,69.7,38.4,47.0,0
6.54,27.88,17.1,2.96,3.15,2.97,1.38,42.39,59.3,27.0,22.4,0
31.83,47.34,9.97,1.9,6.22,0.14,2.06,50.48,41.0,29.5,71.5,0
5.95,24.6,15.52,2.11,13.67,1.99,1.05,46.14,67.0,6.0,24.2,0
37.11,83.86,25.11,9.98,16.05,8.36,34.94,68.6,48.9,15.2,48.5,1
2.15,10.77,9.3,4.24,1.02,2.5,6.13,59.43,47.0,34.0,35.6,0
21.89,35.6,31.09,5.42,21.08,3.4,22.27,75.0,65.4,28.6,64.0,1
14.0,29.65,10.01,4.76,4.02,3.72,20.6,50.03,50.7,24.7,28.1,0
1.83,25.8,24.98,2.79,13.43,0.53,2.85,47.84,57.8,31.1,55.7,0
4.98,26.03,2.01,3.57,1.61,1.87,24.9,52.79,61.9,40.7,44.8,0
0.22,20.92,78.83,2.44,80.0,1.1,8.46,65.72,40.3,24.0,39.3,1
11.39,19.13,1.48,2.23,1.03,0.62,17.2,50.89,57.8,26.6,30.3,0
6.45,27.26,22.22,2.43,15.47,0.42,7.14,55.06,72.2,27.7,43.6,0
16.42,47.28,16.9,3.26,12.18,2.57,0.63,54.82,37.7,45.0,35.2,0
6.35,30.25,1.14,3.73,1.16,3.63,4.89,54.34,58.7,7.1,50.5,0
6.42,14.25,5.82,4.92,0.37,5.22,3.43,48.45,39.6,32.1,28.2,0
24.47,43.94,5.87,2.95,5.46,1.19,0.77,52.83,67.3,25.0,44.9,0
0.89,22.83,17.75,2.21,18.7,0.93,7.48,52.47,67.2,31.1,29.8,0
41.98,52.15,1.53,7.04,0.62,3.14,45.9,53.94,46.7,20.1,44.0,1
34.42,54.31,16.7,3.98,14.15,3.05,3.5,62.02,85.1,25.6,57.9,0
19.84,29.93,13.73,2.89,14.44,0.72,7.75,68.97,68.6,32.4,49.3,0
16.19,48.09,4.15,2.56,3.71,0.74,4.52,46.86,62.6,45.0,54.4,0
40.11,102.86,2.79,6.85,1.13,1.95,51.82,50.67,61.8,33.3,35.3,0
3.69,39.51,25.27,3.98,28.07,1.15,9.0,46.99,66.8,18.4,47.3,0
1.48,12.64,6.71,6.44,5.31,3.35,40.39,55.59,37.1,22.2,60.7,1
4.93,37.24,7.15,5.08,1.52,1.61,7.98,49.42,54.9,21.9,32.7,0
28.49,63.06,19.99,2.74,16.07,0.3,7.85,56.04,57.7,9.8,66.8,0
0.64,28.63,24.3,2.01,3.73,0.51,1.96,63.38,46.0,23.0,32.7,0
15.74,43.53,7.08,5.84,7.02,4.29,4.77,35.0,59.0,32.6,28.4,0
97.02,102.78,12.69,4.44,0.72,0.66,28.33,58.18,70.5,14.5,75.6,1
34.85,37.22,65.16,3.08,69.09,0.13,3.69,50.09,45.7,35.4,61.2,0
13.27,30.56,10.47,6.02,8.37,3.38,46.6,57.91,51.2,30.4,32.6,0
1.18,11.0,74.57,2.4,80.0,2.79,2.63,46.38,39.7,19.4,29.5,0
32.04,45.27,8.7,3.53,8.78,3.17,1.55,64.17,25.2,24.7,55.4,1
16.45,28.02,8.97,2.78,5.63,1.65,5.06,61.76,63.7,40.4,42.4,0
2.2,11.29,39.52,6.65,33.59,8.64,5.33,58.83,51.6,32.6,41.8,1
1.77,52.47,17.84,3.23,5.94,0.35,31.22,60.74,52.7,26.1,38.2,0
43.27,58.24,27.45,4.89,8.54,2.0,23.74,47.66,37.2,23.9,59.3,1
19.91,31.35,10.2,2.96,1.08,1.97,6.76,48.73,49.2,26.7,39.6,0
31.82,31.98,41.14,2.71,39.2,0.05,8.11,60.4,68.4,21.4,51.6,0
38.01,69.81,5.24,2.87,1.23,1.33,2.51,47.47,52.0,7.1,42.8,0
15.27,38.42,32.63,4.46,22.4,4.3,5.63,66.29,52.4,44.4,54.8,1
13.12,86.3,18.08,3.37,11.12,1.68,3.74,51.25,55.1,27.4,34.6,0
10.13,20.83,1.96,8.35,1.0,6.14,50.97,58.27,33.5,29.6,50.8,1
6.86,54.1,6.91,3.89,0.03,2.95,4.46,71.84,61.4,25.5,35.8,1
10.26,28.0,39.83,4.26,40.49,3.96,9.14,48.0,33.2,19.4,41.6,0
26.76,33.2,23.97,4.88,20.59,4.6,7.42,54.58,37.9,24.3,42.1,1
16.58,29.86,30.71,5.09,18.88,3.58,6.97,62.96,36.3,11.6,32.3,1
40.15,57.52,14.41,6.92,8.96,4.0,47.24,62.09,49.4,45.0,35.6,1
10.55,23.4,20.09,5.33,3.7,2.92,37.24,51.21,46.7,14.9,29.2,0
16.82,22.14,25.2,4.1,14.58,1.82,37.0,49.61,52.0,16.7,39.3,0
17.96,25.41,13.16,2.51,13.7,2.25,3.14,52.02,38.4,22.0,45.2,0
16.12,44.77,16.16,4.55,17.88,0.53,50.62,66.31,67.1,37.6,52.4,1
21.83,27.61,7.77,4.09,5.4,3.63,7.65,51.63,64.5,26.1,40.4,0
4.88,17.09,64.91,4.59,58.75,0.92,51.82,54.66,49.4,14.9,28.4,1
12.93,20.34,2.42,3.67,0.94,1.89,4.4,50.37,44.8,37.3,26.4,0
1.98,27.59,8.18,3.02,1.26,0.8,1.14,60.0,43.3,32.6,40.7,0
8.74,106.8,40.23,6.01,40.39,3.63,6.65,55.32,47.3,30.8,52.8,1
12.04,40.4,22.33,8.58,15.68,10.28,3.87,45.47,31.0,32.4,53.1,1
19.01,27.9,6.07,5.37,5.54,4.14,8.33,45.76,37.6,45.0,50.7,0
54.12,71.89,16.15,4.6,16.13,1.86,7.52,37.01,64.9,45.0,65.7,0
16.52,26.39,8.24,3.22,7.3,1.78,1.81,46.93,56.5,19.8,59.4,0
24.5,45.01,5.0,2.93,0.26,1.43,15.68,60.75,76.5,40.6,49.3,0
12.7,65.8,17.52,3.47,17.18,0.7,6.73,65.25,47.5,29.4,47.2,0
18.1,36.01,13.77,3.49,4.17,1.18,5.61,59.83,46.6,30.5,39.9,0
1.32,28.32,4.18,4.06,1.8,1.41,29.04,58.71,45.9,10.8,22.0,0
5.28,25.77,9.66,6.91,3.52,7.25,2.55,52.92,47.2,24.5,30.5,0
8.09,46.61,27.0,3.54,10.23,1.64,2.62,60.59,42.1,18.7,38.5,0
11.51,43.5,6.24,3.5,0.7,2.2,7.41,56.43,56.1,33.5,40.8,0
0.84,17.03,30.61,6.72,32.16,7.08,0.67,69.34,52.4,35.6,54.6,1
2.72,36.03,21.29,4.89,11.83,1.93,25.39,53.16,44.4,7.3,37.0,0
5.83,29.29,4.1,3.41,4.47,0.67,5.24,65.42,70.8,25.8,49.4,0
64.06,69.75,14.79,6.78,14.46,1.06,42.18,61.43,80.4,36.1,59.5,0
7.24,21.66,20.84,3.22,19.89,1.01,24.42,60.25,69.5,24.3,35.1,0
11.84,33.87,10.47,2.74,10.18,2.26,6.47,36.9,60.4,32.6,27.0,0
3.93,30.25,8.26,1.52,3.0,0.84,4.21,61.9,63.4,29.2,29.3,0
16.98,33.37,6.01,7.33,1.23,2.32,46.77,52.92,79.8,29.1,47.9,0
5.93,32.41,24.23,4.4,23.44,4.59,2.34,50.23,63.4,23.6,37.7,0
4.17,15.03,5.12,2.59,3.36,0.91,21.23,41.4,43.2,15.1,46.3,0
13.08,19.83,3.64,1.51,0.26,0.33,5.71,53.95,57.9,15.9,42.7,0
0.1,5.75,13.11,3.5,12.27,2.12,28.22,54.29,61.4,32.4,31.5,0
0.14,30.83,3.56,2.35,2.29,1.12,2.86,42.92,37.1,26.2,56.5,0
4.45,8.95,53.12,5.04,56.13,1.59,42.85,41.48,47.7,24.8,36.1,0
0.67,27.75,27.93,2.69,24.88,2.16,5.49,58.14,68.5,22.2,46.9,0
2.06,16.35,20.6,3.14,15.92,1.69,8.67,61.41,24.6,23.3,31.9,1
7.45,23.05,27.23,6.75,27.9,7.49,1.75,55.62,33.2,35.4,45.4,1
29.2,41.73,26.43,4.02,9.73,1.45,25.4,63.78,49.4,23.0,57.4,1
15.28,101.29,22.49,3.78,22.96,1.0,8.77,53.27,57.3,13.9,44.0,0
12.94,24.24,21.98,6.62,16.12,6.26,0.86,53.54,31.6,32.7,17.3,1
6.25,15.21,0.83,1.35,0.36,0.32,6.41,46.21,50.1,24.2,38.0,0
48.32,107.38,39.07,5.31,36.13,0.28,40.21,40.74,69.3,26.3,69.1,0
9.11,14.0,30.13,6.64,29.37,7.55,3.95,69.76,53.0,40.5,44.4,1
1.64,9.11,39.9,5.51,38.72,0.53,50.04,63.62,66.1,25.8,40.2,0
17.28,52.67,17.39,5.18,17.96,0.4,54.28,42.16,43.1,28.6,25.6,0
2.18,29.68,10.57,4.62,7.96,2.12,24.91,55.32,39.9,15.4,28.8,0
7.62,21.93,11.2,3.39,2.75,0.1,40.27,53.15,64.7,24.0,42.5,0
12.75,19.75,10.96,2.42,2.46,2.12,5.11,51.67,57.5,31.5,44.8,0
37.32,34.66,3.76,2.31,2.37,1.69,4.19,50.52,34.2,12.0,63.9,0
12.25,67.38,6.24,6.31,4.04,3.11,43.14,57.24,40.0,27.8,39.1,1
21.81,52.33,8.99,2.21,9.97,0.74,8.79,60.95,75.5,26.9,48.9,0
88.85,128.48,19.27,9.72,20.78,8.16,8.75,57.42,38.1,26.4,75.1,1
2.54,44.95,4.99,1.74,4.64,0.68,2.57,52.98,66.0,35.3,26.3,0
5.78,33.74,12.28,4.39,11.33,2.64,3.22,52.66,44.8,29.0,15.0,0
9.03,20.63,13.89,9.12,5.95,7.56,1.96,61.96,52.0,39.3,43.4,0
9.86,17.33,18.45,2.87,15.74,1.21,18.56,57.94,56.4,17.1,41.2,0
9.53,53.7,80.16,2.32,78.58,0.59,4.08,54.62,20.5,27.2,33.1,1
42.87,51.07,25.68,3.2,19.15,0.22,26.91,53.69,30.1,26.8,38.1,1
22.53,28.55,6.06,7.63,0.83,8.19,7.72,56.93,53.3,16.4,51.4,1
16.85,26.54,12.4,4.24,9.16,3.72,5.12,50.02,41.1,34.6,39.9,0
6.66,53.15,33.81,5.86,19.71,6.06,1.58,60.98,66.9,45.0,43.6,0
31.25,36.79,15.73,6.33,11.87,3.38,48.1,44.86,27.9,25.8,67.7,1
55.84,62.99,39.5,5.39,39.49,0.98,42.37,50.5,60.5,30.5,38.7,0
30.99,45.63,13.05,2.36,0.94,0.42,6.97,59.19,31.4,26.8,41.9,1
0.03,24.79,4.41,6.16,4.41,6.04,6.31,44.37,46.7,19.6,32.9,0
18.21,25.04,9.43,7.29,3.37,1.64,56.8,40.63,36.0,9.6,57.7,1
0.94,19.62,14.22,2.44,15.0,0.86,3.24,54.54,80.5,19.6,19.1,0
5.36,43.03,19.83,3.24,10.6,2.26,7.1,39.58,31.9,13.5,56.8,0
1.1,76.17,11.27,3.52,2.03,0.28,8.42,42.96,50.2,41.3,36.9,0
16.66,22.29,9.31,1.85,5.67,1.18,0.92,60.43,26.1,25.0,41.5,0
20.88,27.07,13.6,5.68,7.9,1.83,44.43,52.26,76.0,22.9,42.4,0
2.19,12.4,77.54,2.57,76.28,0.26,6.29,64.93,58.0,34.0,31.6,0
8.72,39.68,8.99,4.11,5.59,0.32,47.59,43.76,54.1,15.9,49.4,0
10.97,17.97,15.84,1.64,1.84,1.3,1.9,53.2,74.1,19.1,29.2,0
8.29,25.37,11.85,3.01,9.33,2.4,5.43,57.4,54.2,26.6,42.2,0
2.32,18.89,17.26,1.3,4.34,0.42,9.27,44.05,55.3,35.3,32.2,0
9.77,87.82,17.2,3.31,13.28,0.1,6.18,62.77,54.0,30.5,31.8,0
25.04,34.44,10.84,7.45,8.34,7.58,4.54,58.34,60.5,28.2,72.1,1
1.33,13.66,12.91,1.15,14.32,0.06,7.95,40.32,44.6,26.7,39.8,0
1.5,33.54,32.91,1.39,34.23,0.01,2.42,53.68,48.8,29.6,41.8,0
7.89,32.53,14.7,2.3,2.84,0.88,4.23,57.28,64.2,27.8,49.9,0
51.17,55.34,23.75,2.74,22.66,0.59,17.78,48.98,56.2,16.7,43.8,0
19.88,66.59,38.65,4.18,39.3,2.02,5.04,41.42,50.3,26.4,61.5,0
20.44,23.45,10.72,6.31,7.43,6.68,8.79,56.37,31.0,16.3,19.1,1
8.09,26.63,3.47,3.79,1.61,1.57,22.59,72.8,74.5,26.7,31.0,0
16.21,29.87,26.1,4.45,24.49,3.85,1.01,50.71,42.1,21.7,37.7,0
0.18,18.65,17.23,5.83,16.0,5.71,8.75,67.34,66.8,45.0,40.9,1
18.2,27.23,17.08,2.72,2.97,0.46,29.37,47.61,54.6,25.6,45.4,0
44.01,56.22,13.74,4.16,9.73,2.09,3.91,55.83,32.6,13.4,53.1,1
17.07,38.3,20.52,3.51,10.82,2.28,5.28,60.56,70.8,24.8,42.6,0
37.24,33.38,9.18,5.39,2.46,0.96,50.92,53.93,55.8,30.7,42.0,0
23.17,33.85,14.08,3.11,14.05,2.58,5.32,51.47,72.0,41.1,30.5,0
2.31,12.58,26.99,2.94,16.51,3.14,4.53,60.17,49.3,20.7,43.3,0
41.89,99.1,32.31,5.1,35.29,1.66,5.75,70.08,62.6,11.8,60.8,1
1.24,29.21,16.12,1.79,13.94,0.29,9.24,56.55,25.6,33.4,51.4,0
13.74,21.79,12.08,1.65,11.61,0.03,7.86,49.61,44.5,13.6,33.3,0
2.76,15.91,17.67,2.01,14.49,1.28,2.02,52.39,32.9,22.1,43.2,0
0.21,16.74,6.83,2.21,5.21,0.26,16.29,75.0,46.4,23.7,32.3,1
9.87,21.72,23.94,5.47,18.04,3.43,43.3,55.15,59.1,25.4,51.3,0
6.29,35.01,30.29,2.19,15.24,1.04,6.72,48.95,42.9,32.2,48.1,0
11.98,66.68,27.08,3.52,21.86,2.29,6.42,44.27,65.0,19.8,42.5,0
15.5,13.76,19.24,1.76,18.45,0.95,4.47,38.48,39.2,23.5,38.6,0
0.81,16.47,16.61,4.96,12.34,3.38,6.28,57.09,65.3,25.9,45.0,0
2.36,76.98,15.27,6.21,2.34,5.28,7.14,59.56,71.6,27.3,42.5,0
14.72,28.8,27.86,4.47,28.86,3.6,1.61,50.63,67.2,26.9,34.8,0
7.57,31.22,6.56,4.5,6.45,1.7,40.17,53.87,46.8,29.9,25.1,0
23.51,22.32,47.44,2.36,51.77,0.25,2.25,44.05,20.1,33.6,42.7,0
19.02,65.48,10.43,3.17,7.03,1.15,8.07,55.13,60.7,29.5,58.7,0
33.63,36.58,9.95,3.28,2.27,1.46,18.84,58.09,50.1,30.1,61.6,0
21.23,45.71,35.55,8.49,32.36,8.93,4.56,49.45,37.3,11.8,33.4,1
10.12,17.97,26.21,5.47,25.09,2.47,47.47,68.37,43.7,26.5,27.9,1
20.12,18.22,21.83,2.33,15.54,1.71,6.95,46.88,73.5,30.3,56.8,0
5.8,30.8,7.35,4.36,1.47,4.45,8.72,56.41,34.9,32.6,26.3,0
6.58,39.92,32.41,2.59,29.42,2.13,1.19,61.21,59.0,19.8,43.1,0
28.0,43.12,12.34,5.21,12.21,2.22,26.07,53.34,55.3,20.1,41.4,0
10.64,16.16,10.0,3.27,8.61,0.69,6.86,52.4,46.6,20.8,56.0,0
28.82,109.2,31.47,4.93,32.15,0.14,38.63,41.85,61.7,30.8,40.3,0
31.11,59.86,22.84,4.31,14.37,3.0,3.44,65.54,76.5,35.3,60.4,0
35.08,52.88,10.81,4.95,2.06,5.0,4.27,52.56,47.6,22.3,52.6,0
44.72,82.09,12.21,5.48,11.63,1.58,39.11,58.57,48.4,34.2,57.6,1
10.15,21.95,12.19,5.44,13.17,1.85,54.55,59.72,61.3,27.1,19.9,0
6.91,73.5,34.67,3.56,28.79,0.82,4.94,48.66,65.8,24.9,16.1,0
15.71,47.2,7.3,2.41,4.6,1.52,4.38,52.32,50.1,24.1,39.9,0
8.35,48.38,24.08,2.93,25.1,0.7,2.56,65.34,47.4,32.7,41.2,0
16.54,29.6,23.81,4.33,25.63,4.26,8.81,44.5,18.7,28.9,31.2,1
22.01,26.51,2.16,3.44,2.31,2.16,3.36,72.09,40.3,45.0,34.0,1
20.99,41.16,3.58,6.49,0.26,2.18,56.04,47.67,34.9,18.3,50.1,0
8.45,20.98,11.11,0.95,9.57,0.07,1.84,43.97,62.3,30.7,44.4,0
3.29,75.65,28.58,4.9,23.8,2.76,4.41,55.12,48.3,21.2,35.1,0
10.13,14.51,34.06,1.51,12.79,0.67,8.63,72.77,47.8,18.2,47.4,0
2.77,54.54,19.9,3.2,20.57,1.04,18.12,37.76,51.9,25.9,24.5,0
39.75,37.89,14.81,2.15,14.6,1.48,3.76,52.8,38.9,27.2,49.3,0
7.64,15.83,13.1,3.96,11.82,1.14,41.32,58.05,75.3,45.0,54.9,0
3.02,6.58,4.04,0.76,0.31,0.48,3.33,54.29,71.5,24.3,37.0,0
0.46,13.74,8.09,3.4,1.01,3.52,3.45,57.25,76.3,15.8,36.5,0
18.68,33.15,16.3,1.91,15.22,1.15,6.3,47.9,62.3,28.5,66.5,0
18.24,27.48,17.37,3.35,18.57,2.18,18.42,48.9,51.6,7.3,29.2,0
7.5,34.02,15.53,7.3,8.52,1.76,53.98,52.74,76.2,25.2,46.3,0
1.34,18.51,20.07,3.62,11.74,2.21,6.81,44.4,41.8,26.1,52.2,0
9.49,10.49,14.02,2.12,13.68,2.16,2.76,53.62,38.9,33.2,36.0,0
6.71,14.59,2.25,4.78,1.52,4.29,7.56,50.7,43.0,34.8,46.6,0
20.35,32.7,16.69,5.52,13.55,3.63,23.47,50.0,59.8,21.5,34.3,0
16.76,57.05,10.66,2.88,10.29,1.6,5.89,56.72,40.6,24.6,35.7,0
8.16,29.15,12.7,3.0,10.98,2.1,8.85,38.52,49.7,19.1,42.5,0
4.42,17.67,20.59,3.01,12.86,0.31,7.55,52.05,28.0,15.8,45.0,0
79.67,72.93,22.57,3.24,23.43,0.29,5.86,73.7,59.2,28.8,82.1,1
10.89,32.2,14.99,3.62,5.72,1.8,8.66,44.77,29.2,14.5,55.6,0
20.98,67.57,14.02,7.84,8.11,7.61,5.9,64.93,38.0,22.3,43.8,1
2.73,18.27,6.56,3.02,5.63,2.05,5.19,54.46,70.3,17.0,48.2,0
11.97,19.85,18.4,2.64,15.47,2.01,3.71,48.87,69.7,30.9,37.0,0
0.5,31.12,11.61,2.51,6.55,0.35,8.45,42.77,57.6,42.2,44.2,0
12.67,54.74,3.78,3.43,2.71,1.53,1.6,55.19,56.1,14.3,42.8,0
59.84,68.59,62.93,2.97,68.88,1.64,4.76,66.35,44.0,9.3,66.4,1
8.73,40.68,13.52,4.9,9.97,4.12,5.34,50.69,40.4,24.9,43.2,0
0.72,15.11,8.52,1.71,1.58,0.37,5.49,53.31,46.6,26.1,19.3,0
0.57,34.86,20.84,4.31,18.99,2.52,29.4,62.59,29.3,28.0,24.0,1
8.84,58.94,17.67,7.69,19.15,6.31,26.44,56.9,55.8,22.0,40.0,1
3.14,40.65,23.13,6.23,8.42,4.75,2.81,40.64,52.7,24.2,19.5,0
0.43,30.17,21.28,8.69,15.73,5.37,31.07,54.84,38.0,29.3,43.5,1
25.41,84.6,8.22,4.31,2.66,1.2,6.42,66.85,75.5,35.4,55.1,0
11.04,25.98,11.32,5.54,5.7,6.21,8.22,53.69,61.1,8.4,43.2,0
6.15,35.03,4.68,3.29,1.81,2.8,2.98,35.0,62.4,22.7,26.6,0
41.46,52.27,31.71,6.06,7.5,5.42,16.26,57.3,44.7,27.9,67.5,1
2.22,31.71,10.82,6.5,11.07,6.49,6.93,52.31,52.0,17.7,56.4,0
56.19,81.25,14.39,7.3,7.03,5.82,3.95,38.45,61.4,41.6,61.8,0
6.78,45.45,12.98,3.59,10.78,0.58,7.81,39.73,54.3,20.3,43.2,0
39.47,54.59,20.69,3.03,8.79,0.31,0.52,62.29,76.0,25.6,54.8,0
16.63,17.45,11.98,2.68,4.89,2.67,5.85,47.77,48.9,31.0,47.8,0
31.55,44.12,6.88,2.89,2.13,2.07,6.02,46.29,44.4,20.7,48.0,0
74.45,95.95,20.39,5.09,4.15,1.03,5.3,53.7,61.5,9.4,68.2,0
6.12,30.94,17.62,4.76,3.34,3.18,6.17,48.52,33.0,22.1,46.8,0
58.46,78.23,15.19,2.46,16.52,0.16,2.01,54.85,65.9,35.3,84.8,0
8.88,42.52,25.58,1.88,26.99,0.14,6.66,52.28,32.5,23.0,25.0,0
8.77,15.24,19.26,2.74,13.88,0.81,20.34,43.8,61.6,18.4,37.9,0
7.49,42.59,28.66,3.28,14.85,0.57,20.8,49.65,42.3,34.3,26.6,0
14.03,76.99,8.17,4.51,5.33,3.37,3.5,57.76,59.1,23.0,57.2,0
3.01,17.97,13.42,5.35,14.65,6.08,4.77,54.36,65.6,21.4,30.5,0
14.52,52.6,17.73,4.2,12.83,2.72,6.09,53.3,54.3,27.3,27.1,0
14.04,33.95,2.06,3.9,0.84,3.56,8.05,70.47,34.0,32.9,47.7,1
25.83,49.94,39.65,6.81,38.69,0.02,4.85,60.21,38.5,45.0,64.1,1
32.29,65.07,4.15,3.48,1.38,2.24,3.41,61.25,41.1,33.4,56.2,1
10.45,34.52,15.28,5.4,11.54,5.29,4.89,52.59,23.6,36.4,41.8,1
6.48,20.18,23.74,2.99,8.41,2.16,6.7,55.87,68.9,21.4,42.0,0
5.4,31.07,25.13,1.8,23.48,0.6,3.62,50.34,53.7,16.8,51.6,0
3.9,12.95,34.7,4.63,38.32,5.53,4.23,60.61,35.0,26.6,28.0,1
1.07,6.22,31.65,5.22,29.37,5.85,5.57,53.06,73.8,27.0,34.4,0
7.55,60.06,14.27,3.08,13.22,0.96,17.16,55.89,41.5,16.3,33.9,0
5.67,33.84,22.74,1.67,15.23,0.56,2.38,55.37,55.8,24.4,25.9,0
61.09,85.66,5.17,5.96,1.51,1.27,50.76,53.85,39.6,29.6,59.2,1
14.68,37.06,19.84,2.62,13.03,0.25,26.06,75.0,21.7,29.2,52.7,1
7.68,10.65,44.18,6.23,33.13,5.51,0.94,48.33,31.5,30.5,44.1,0
15.64,64.46,10.63,8.25,8.81,7.04,15.77,48.26,45.3,28.6,48.5,1
2.7,16.99,28.08,2.19,0.9,2.21,2.08,59.9,65.5,21.4,37.7,0
10.57,26.12,3.45,5.38,2.75,3.12,3.9,48.94,57.2,21.4,45.0,0
17.71,62.12,13.2,3.69,7.78,2.78,2.92,51.52,54.1,15.2,35.0,0
12.08,19.78,3.96,4.22,4.17,1.35,44.85,44.77,21.8,42.1,37.3,1
9.25,23.85,6.74,2.56,5.9,2.06,8.15,58.18,71.1,26.1,41.1,0
91.64,92.98,11.63,7.09,6.22,5.17,6.2,58.29,55.4,24.0,79.0,1
38.21,41.73,5.03,5.7,5.27,4.13,20.75,51.32,50.2,17.6,55.4,0
17.58,37.24,1.73,1.39,1.21,0.19,6.52,60.08,69.0,45.0,41.5,0
15.17,23.31,20.32,1.25,20.28,0.95,0.77,38.21,70.7,16.3,38.1,0
17.45,67.5,17.85,5.66,14.12,1.06,48.2,47.99,69.3,22.1,74.4,0
4.05,8.36,11.68,3.42,12.87,3.3,1.35,52.56,48.3,29.7,45.9,0
9.05,14.57,15.31,2.98,12.62,1.7,1.38,44.04,36.9,31.4,43.2,0
0.72,16.58,10.36,4.56,4.95,0.69,54.66,39.14,66.8,34.6,33.0,0
11.62,30.3,27.13,4.34,26.71,3.51,5.29,51.38,31.5,42.3,35.7,0
14.1,23.82,26.66,2.52,29.15,1.2,1.53,59.9,81.2,30.6,40.0,0
4.65,39.31,5.74,2.73,0.08,0.83,8.92,64.9,52.4,16.5,40.0,0
59.85,68.66,6.75,6.89,1.3,6.49,8.19,49.35,36.1,23.7,43.1,1
43.23,66.97,21.67,2.42,19.37,0.39,9.24,60.23,33.5,28.8,38.8,1
23.05,69.72,11.28,2.48,4.65,0.06,0.88,59.41,32.8,44.6,39.0,1
13.72,73.3,35.71,4.48,38.12,0.46,23.4,64.36,54.1,13.4,43.2,1
36.72,47.48,20.34,1.98,15.03,0.44,7.73,51.02,51.9,36.8,49.1,0
2.52,24.31,6.65,2.91,6.21,1.89,8.62,38.71,33.5,27.6,50.9,0
28.14,49.45,10.09,3.67,7.89,2.65,5.25,54.6,46.7,33.5,32.8,0
2.4,18.74,15.62,2.14,16.89,1.57,7.59,45.38,31.5,25.1,28.6,0
28.46,32.92,11.89,1.35,1.81,0.48,0.96,47.85,60.8,18.4,63.0,0
5.81,46.91,31.26,2.93,29.58,0.35,24.33,51.44,51.2,32.8,38.9,0
37.73,40.81,21.31,2.65,0.07,1.74,1.57,51.12,46.3,31.9,60.8,0
51.9,88.96,77.27,4.8,66.83,2.75,8.73,55.2,32.7,34.7,78.9,1
2.9,31.1,41.7,4.11,2.71,0.99,35.69,59.98,47.5,25.9,29.4,0
11.18,34.34,17.64,1.37,18.89,0.63,1.4,50.87,45.8,20.6,39.0,0
71.33,71.79,6.13,4.29,0.59,0.22,31.51,57.36,56.8,12.0,64.4,0
11.89,13.06,9.66,3.37,7.24,0.06,51.73,54.13,54.5,33.4,20.8,0
35.85,71.73,17.4,2.52,14.26,0.29,8.33,61.95,63.9,29.8,48.0,0
15.99,24.64,3.13,4.98,1.02,3.45,25.0,52.4,44.7,17.3,51.0,0
8.47,37.12,9.06,2.73,9.73,1.32,0.86,53.33,24.1,21.2,44.2,0
6.06,36.23,11.19,2.07,4.24,0.06,0.7,50.82,66.9,21.8,43.9,0
4.09,24.15,29.39,2.22,10.14,1.92,5.31,52.62,38.0,12.7,33.1,0
25.82,47.0,14.02,4.03,10.51,2.12,15.1,47.34,35.4,18.6,40.1,0
8.8,35.82,20.2,2.54,19.78,1.28,8.41,46.5,51.4,15.8,51.7,0
12.89,34.52,18.37,2.12,1.84,0.3,3.29,60.59,56.5,22.3,35.8,0
12.2,20.47,3.73,3.25,1.12,3.28,3.98,44.79,44.0,19.4,43.4,0
15.5,18.14,21.12,6.77,7.07,2.91,55.55,51.29,43.9,11.4,43.6,1
36.12,42.63,42.16,3.12,33.94,1.45,7.11,62.63,46.1,44.2,65.9,1
71.09,75.63,25.6,3.85,23.43,1.02,3.57,51.0,73.2,37.3,76.7,0
9.42,59.94,18.0,5.1,12.46,0.48,1.83,61.04,52.0,19.0,26.3,0
31.63,34.06,36.06,5.72,32.04,3.76,7.22,48.98,37.5,28.5,37.4,1
26.03,79.12,28.69,4.57,25.04,2.6,4.62,45.07,37.6,29.8,52.5,0
15.34,82.54,5.07,3.85,4.46,0.22,1.19,40.44,48.2,36.7,41.3,0
56.24,60.1,9.65,5.3,2.85,1.35,49.41,65.16,55.6,18.6,55.8,1
4.03,71.3,4.12,7.24,4.55,5.28,32.94,44.34,59.3,35.8,47.0,0
2.08,20.18,10.64,2.4,3.56,1.51,4.9,60.35,53.9,21.1,37.8,0
34.63,45.56,17.38,5.04,13.92,1.03,6.56,45.5,39.4,14.0,51.1,0
10.41,60.81,14.76,7.46,14.4,3.18,49.49,65.2,45.6,32.5,47.5,1
33.79,52.94,22.27,2.29,13.89,0.64,6.34,72.76,63.0,37.6,46.5,0
40.24,55.85,5.83,3.97,3.01,1.95,8.31,39.66,34.8,45.0,68.8,0
1.16,12.77,21.95,2.42,19.95,2.5,6.02,44.78,45.0,15.2,27.6,0
38.69,45.58,7.22,6.77,7.83,4.83,32.01,60.57,61.0,32.3,59.0,1
10.71,31.32,10.38,3.13,8.12,2.66,6.02,58.36,65.1,22.3,54.2,0
12.86,62.87,73.1,2.73,80.0,1.4,5.28,60.6,49.1,33.1,27.0,0
17.73,22.28,5.94,3.31,4.44,3.53,2.05,49.12,45.8,12.8,39.5,0
46.96,59.09,10.06,9.63,9.25,8.12,27.48,70.89,32.2,14.6,67.6,1
0.35,6.18,12.65,2.14,13.74,1.39,6.74,55.0,59.9,19.0,46.7,0
11.66,21.17,22.71,0.75,21.12,0.01,4.33,43.66,71.8,26.7,38.5,0
20.95,50.89,5.63,4.18,1.33,3.41,4.16,51.85,90.0,20.2,37.1,0
23.09,29.1,19.02,4.4,15.49,0.37,40.86,43.77,57.8,31.9,54.9,0
21.23,61.37,39.95,4.15,40.26,0.41,0.55,67.52,51.2,35.2,56.4,1
2.6,11.64,19.07,5.37,7.61,0.92,48.0,48.39,38.2,31.4,24.5,0
6.4,18.47,5.32,2.59,5.65,1.51,19.23,58.19,23.8,40.6,25.8,0
8.0,10.13,18.18,3.07,13.86,3.46,3.89,50.0,54.7,29.7,40.9,0
29.37,68.34,14.65,4.73,2.87,0.83,41.81,48.77,87.3,15.0,54.5,0
5.88,44.12,4.58,1.58,4.81,0.08,2.06,37.76,71.1,38.3,34.7,0
4.26,9.67,28.28,5.45,26.85,2.08,50.52,59.08,68.7,20.6,43.7,0
56.83,64.52,17.69,4.03,13.73,3.18,4.02,65.04,55.7,34.2,53.5,1
0.16,15.26,2.32,7.19,1.16,3.39,42.77,46.21,57.4,40.2,15.0,0
110.32,107.85,8.19,5.2,7.16,1.75,6.55,40.87,15.6,30.1,80.4,1
20.33,87.13,22.26,5.7,14.46,0.24,54.11,60.83,63.4,12.5,44.8,1
31.73,40.9,12.75,3.38,8.59,1.89,7.67,40.01,43.3,17.7,46.5,0
6.28,15.25,17.35,1.59,16.74,0.37,6.26,64.37,41.5,37.9,26.2,0
0.26,3.99,24.72,0.94,17.82,0.04,2.21,46.31,47.2,24.5,17.0,0
24.1,30.84,15.91,4.89,8.52,3.51,2.99,44.62,46.6,26.7,40.7,0
32.34,79.32,66.0,4.34,70.51,1.58,22.11,56.11,41.2,32.8,58.5,1
24.28,44.66,32.47,6.47,31.61,1.7,57.69,45.18,52.2,32.3,58.5,0
2.77,26.42,7.31,3.05,0.84,2.68,8.48,47.99,43.6,28.5,48.1,0
25.2,32.33,6.37,5.24,4.27,1.28,53.64,57.01,53.5,24.1,38.2,0
26.37,68.86,10.67,2.77,5.24,0.14,5.67,35.0,29.7,23.2,35.3,0
19.34,46.73,4.67,2.19,3.26,0.87,9.14,67.96,48.8,33.7,48.7,1
26.15,36.47,7.29,1.76,5.8,0.62,7.22,54.37,35.6,31.0,53.1,0
33.67,37.26,8.92,7.62,7.43,9.18,4.93,43.01,42.4,23.7,54.2,0
17.12,33.76,17.09,3.34,0.65,2.94,2.67,45.35,54.2,35.7,22.6,0
1.67,10.72,12.8,2.51,2.26,1.88,3.01,62.43,27.9,24.8,27.1,0
12.04,27.74,6.4,5.57,1.56,0.19,7.13,59.11,39.7,18.3,40.1,0
1.45,23.65,5.57,1.42,0.66,0.31,7.53,65.79,60.5,19.2,40.5,0
9.42,19.35,9.1,4.06,9.73,4.58,5.26,48.2,30.8,17.2,46.9,0
9.41,9.62,10.11,6.72,4.24,5.09,43.04,56.52,78.7,23.5,40.7,0
1.23,28.79,32.0,1.33,32.91,0.07,8.9,57.63,70.1,37.1,38.9,0
7.72,18.19,7.12,5.48,1.6,6.54,8.1,59.91,44.6,18.8,39.3,0
2.12,24.07,48.0,5.52,41.11,1.41,57.07,63.58,40.2,27.7,42.8,1
29.73,43.38,1.33,3.1,1.16,0.55,1.01,47.9,55.0,20.1,51.5,0
53.11,107.17,21.06,4.53,17.18,0.37,5.32,53.03,30.3,23.7,59.6,1
1.35,21.64,9.05,3.82,4.52,4.4,3.06,48.81,22.0,12.4,32.9,0
55.87,86.34,26.19,3.52,27.56,1.86,3.05,53.55,45.1,24.0,61.0,1
13.31,26.17,7.06,4.49,0.91,4.7,1.28,59.94,50.0,24.3,45.8,0
6.41,14.89,35.82,3.72,34.41,0.5,45.93,39.94,53.4,30.9,40.6,0
1.44,29.85,9.43,4.42,0.76,3.31,7.97,63.43,42.8,28.0,39.5,0
12.5,21.56,3.21,1.26,2.79,0.21,1.52,44.32,71.1,15.2,54.1,0
28.48,58.37,12.71,2.01,10.21,0.29,8.39,51.39,29.6,35.8,50.5,1
22.1,25.52,58.05,1.53,23.28,0.45,6.65,64.57,34.9,27.9,38.5,0
0.93,26.75,42.33,5.34,39.25,3.85,3.43,56.79,59.3,27.8,44.3,0
1.36,21.24,14.71,3.69,8.66,3.08,8.34,56.89,34.6,25.9,22.0,0
9.28,62.1,21.55,3.36,21.39,0.51,5.88,43.96,34.0,21.3,28.4,0
6.3,33.27,15.04,3.51,16.05,1.06,27.72,45.13,53.9,28.0,41.2,0
4.76,22.38,30.09,4.7,13.53,4.32,4.72,62.0,36.2,30.3,42.3,0
5.94,41.07,14.87,1.92,15.78,0.82,5.01,48.99,50.0,10.3,25.2,0
29.29,26.48,30.02,6.4,0.55,6.51,3.12,49.79,41.5,21.2,44.4,0
47.67,70.99,9.71,8.6,9.9,7.93,3.99,62.19,39.1,23.7,50.4,1
9.35,40.36,23.46,3.0,24.82,2.43,5.61,45.08,20.5,28.3,34.3,1
42.58,71.25,10.71,4.16,9.44,2.7,9.02,56.29,54.1,36.7,63.6,0
6.98,39.25,33.75,3.91,32.71,3.13,5.9,54.36,33.3,19.1,45.2,1
11.65,39.47,32.06,2.33,25.2,0.77,1.83,53.98,49.5,21.5,40.1,0
4.61,19.33,45.51,2.05,26.96,1.11,0.56,49.59,44.3,21.4,31.6,0
18.41,38.44,4.36,2.46,1.88,0.36,8.16,49.07,48.9,18.8,29.8,0
69.52,71.29,3.59,7.34,3.86,6.47,3.78,44.83,49.8,22.9,80.5,1
16.65,24.24,6.12,5.21,0.41,3.15,32.59,58.1,54.9,32.9,48.4,0
7.97,22.71,57.98,2.42,56.16,0.12,19.67,48.32,41.1,16.5,31.5,0
18.78,33.53,6.1,2.53,3.4,1.79,9.01,62.23,70.6,29.9,50.6,0
2.36,28.91,7.9,2.11,7.42,1.28,7.23,52.09,24.3,10.7,35.4,0
39.51,82.22,6.3,6.97,4.57,4.39,26.12,45.0,48.6,20.9,49.9,1
12.59,49.05,6.85,3.07,0.51,0.93,4.02,51.98,64.5,23.0,45.0,0
10.74,34.49,7.49,6.89,3.78,2.28,54.96,50.51,59.2,41.1,32.4,0
15.87,58.09,9.73,3.25,1.74,0.58,8.66,62.58,37.4,23.5,38.7,0
17.64,35.64,8.06,3.42,7.32,2.2,9.49,50.86,39.9,6.2,44.2,0
1.34,31.03,56.71,1.92,50.71,0.96,5.1,51.65,36.9,8.0,30.6,0
20.66,33.02,16.22,1.99,16.89,0.46,7.9,66.0,61.0,26.3,51.0,0
4.99,24.49,19.07,2.49,18.52,2.7,0.92,58.32,40.9,31.5,55.9,0
22.53,35.78,13.5,3.68,9.04,2.82,3.07,68.13,55.8,29.4,37.6,0
31.12,31.0,29.66,8.56,24.05,10.83,3.84,64.7,56.0,27.5,32.4,1
29.33,29.59,20.84,2.4,21.09,1.53,9.28,46.46,87.5,36.5,28.2,0
14.47,18.42,58.03,2.49,44.75,1.81,0.53,62.41,56.7,21.1,40.0,0
13.22,36.73,8.9,6.35,1.73,7.62,3.27,66.97,39.8,34.1,34.3,1
2.78,51.72,35.8,6.61,38.14,6.08,8.87,67.03,30.1,11.3,38.3,1
26.88,67.34,11.43,4.17,4.07,2.38,3.26,62.4,47.9,17.9,48.4,0
5.7,34.96,13.91,3.54,7.51,1.96,2.53,62.22,50.2,9.7,21.5,0
12.36,23.91,14.71,7.25,7.04,8.92,7.07,51.43,18.8,23.5,22.4,1
6.02,14.93,28.43,2.38,15.09,2.32,7.21,46.88,41.3,25.6,40.7,0
2.59,24.45,17.75,3.93,11.43,2.78,4.75,51.01,56.5,27.0,37.5,0
17.88,28.31,3.92,1.57,1.46,0.2,9.02,39.85,44.0,26.6,38.8,0
1.01,6.44,26.87,4.03,19.43,2.87,2.32,65.41,66.5,17.7,18.9,0
24.86,29.68,15.34,1.96,9.11,0.9,8.72,51.59,28.6,24.3,50.9,0
6.88,21.22,5.15,1.81,0.03,0.3,7.3,64.98,62.2,12.5,50.8,0
0.0,48.25,8.06,4.9,6.05,3.68,19.84,43.53,65.7,38.3,37.8,0
12.88,14.92,23.54,5.08,9.23,2.65,42.48,63.2,66.3,23.3,32.3,0
0.86,7.7,5.27,4.3,1.07,1.45,24.07,49.79,28.5,21.6,35.8,0
5.82,21.35,7.63,3.08,1.88,1.12,18.33,43.08,56.7,40.3,24.0,0
22.1,29.55,75.22,5.44,80.0,0.67,57.87,67.83,42.0,14.8,55.5,1
1.17,28.63,40.24,0.94,34.59,0.03,1.35,63.41,30.9,15.9,36.3,0
32.91,44.75,4.41,3.9,2.12,1.17,0.54,55.8,45.8,16.1,32.1,0
0.07,5.54,21.21,1.43,12.47,0.42,4.0,54.29,38.4,25.4,32.0,0
5.1,17.69,5.91,1.39,5.81,1.17,1.43,57.74,65.8,29.9,41.9,0
24.31,43.63,16.78,4.46,10.42,4.28,8.27,55.65,59.7,32.7,42.6,0
6.84,38.32,12.35,1.61,9.41,0.33,8.8,47.27,34.7,45.0,35.3,0
1.93,8.53,7.81,0.68,0.68,0.24,4.84,50.5,41.1,5.8,23.6,0
8.04,30.92,10.06,8.56,6.13,7.06,17.02,70.67,46.3,31.5,44.3,1
5.67,20.52,2.79,6.19,2.13,4.08,43.36,75.0,50.9,21.0,31.1,1
33.29,72.52,12.74,4.35,9.84,0.15,40.3,67.28,67.1,20.7,28.4,1
6.77,19.25,47.07,1.17,30.04,0.19,3.18,58.06,62.4,20.4,34.3,0
28.0,29.42,72.19,3.05,70.84,2.71,1.41,51.13,52.8,17.8,57.4,0
40.04,45.45,37.34,2.28,39.11,1.13,4.52,47.22,48.1,41.2,49.1,0
10.24,11.78,75.17,3.22,64.3,3.61,6.01,47.78,25.4,33.6,57.0,1
43.33,40.78,9.21,2.21,0.17,0.99,8.87,49.3,71.4,26.2,58.8,0
8.53,35.06,22.22,9.45,21.67,10.75,7.15,72.28,45.3,38.2,42.2,1
59.88,76.48,9.6,7.1,4.5,3.06,49.0,69.35,75.3,12.4,60.7,1
1.68,30.35,28.61,4.52,28.08,0.12,32.52,60.34,54.9,14.0,35.1,0
20.91,30.12,14.7,2.08,15.66,0.6,8.49,45.83,82.4,6.4,41.8,0
12.26,19.16,16.38,5.36,7.27,1.96,51.51,61.59,61.1,19.7,37.5,0
8.83,84.92,11.11,4.86,10.93,0.5,8.89,51.97,30.5,27.5,44.3,1
18.03,37.33,7.14,3.68,3.85,0.01,39.29,35.7,42.8,26.9,33.8,0
21.9,26.46,11.57,1.64,4.77,0.21,5.94,56.44,49.5,27.3,34.1,0
0.08,52.78,68.63,5.7,58.32,2.01,47.27,46.84,38.9,13.3,23.8,1
3.29,50.41,27.79,6.23,30.44,2.52,40.43,47.13,46.3,33.2,56.9,0
22.47,50.2,6.07,2.27,3.41,0.29,9.43,51.87,31.5,28.2,50.4,0
19.76,34.2,9.53,3.45,4.23,2.58,3.12,49.76,52.1,32.6,46.9,0
60.89,61.66,10.51,3.7,1.61,2.44,2.45,53.71,55.6,9.0,51.8,0
25.77,35.83,76.81,7.24,68.42,7.94,4.86,53.3,36.9,28.8,52.8,1
54.2,89.31,21.61,5.74,24.01,3.07,3.41,38.06,81.1,15.3,58.2,0
21.82,29.55,16.75,7.16,12.02,7.94,8.82,66.92,53.0,22.4,47.0,1
6.37,12.05,14.24,6.44,15.77,8.14,4.46,45.64,39.7,30.8,28.1,0
2.0,32.44,28.18,2.79,20.99,1.64,4.19,45.9,27.6,26.8,37.5,0
27.4,42.51,3.73,6.86,3.06,1.62,43.88,51.21,52.9,18.3,43.1,0
18.6,27.17,47.3,2.2,37.55,0.83,1.23,53.08,48.1,26.1,35.7,0
0.89,13.01,9.98,2.2,9.96,1.7,7.31,66.4,63.7,12.2,42.7,0
8.03,9.15,9.85,4.43,1.31,0.4,22.48,56.29,49.8,36.4,23.2,0
56.55,61.05,9.72,5.7,8.53,3.55,26.14,58.81,34.1,24.2,66.1,1
12.49,51.16,14.58,4.98,10.77,0.05,9.1,56.33,77.1,36.1,47.5,0
10.2,17.52,10.61,1.32,5.54,0.61,5.71,55.97,58.5,21.3,30.8,0
11.01,95.09,18.68,9.36,19.21,0.7,6.76,56.63,48.2,21.3,31.8,1
4.22,23.11,23.51,4.79,23.76,5.28,8.82,37.57,54.5,19.1,34.7,0
8.28,12.19,16.7,1.88,17.8,0.33,6.5,51.88,59.1,33.9,41.5,0
8.31,30.58,15.8,7.02,17.52,7.15,4.39,63.88,30.6,19.6,37.2,1
0.97,9.65,11.5,1.43,10.95,0.38,0.72,75.0,54.4,31.8,39.8,0
26.26,53.57,7.96,4.62,4.01,2.6,7.05,43.76,45.2,22.6,64.4,0
9.7,53.44,15.03,2.91,8.36,0.96,9.18,57.6,59.6,8.2,34.3,0
31.09,62.18,14.14,2.44,5.2,1.05,4.73,49.15,40.9,20.9,31.8,0
34.19,64.24,43.26,12.49,47.58,15.0,3.56,71.41,42.9,15.4,58.6,1
4.29,17.6,21.52,1.78,21.79,0.37,5.17,42.49,76.9,26.3,53.8,0
19.28,25.43,10.67,4.07,2.05,0.48,40.12,59.31,70.5,15.3,47.6,0
11.51,38.48,29.26,2.97,28.14,2.72,0.51,42.04,15.0,34.3,29.3,1
38.19,42.13,13.97,5.95,14.18,2.74,49.12,51.29,69.4,25.2,50.9,0
4.37,18.07,47.24,9.83,49.17,9.68,36.35,53.71,50.9,24.4,25.8,1
20.39,27.33,10.67,4.44,9.76,3.54,5.37,63.09,41.4,31.9,50.6,1
16.85,25.39,16.36,3.65,17.83,2.09,1.6,44.84,36.9,34.7,29.1,0
6.3,35.68,19.08,4.84,11.59,1.56,49.32,59.64,37.8,25.8,34.8,1
2.64,12.76,2.99,5.51,1.02,2.34,25.77,54.16,41.8,19.1,26.1,0
18.98,46.86,18.11,5.38,0.77,2.77,5.07,56.32,35.1,10.0,44.8,0
24.15,65.56,15.21,2.12,2.3,0.83,1.34,62.15,31.7,19.8,42.2,0
6.83,18.44,11.85,6.21,4.77,2.73,56.98,43.1,36.4,20.4,39.8,0
18.63,23.41,6.06,2.69,4.1,0.57,18.29,60.89,56.9,27.0,43.6,0
9.05,46.7,17.59,3.28,17.36,1.61,7.98,49.16,52.8,22.9,29.2,0
22.48,43.72,19.87,2.73,17.78,0.78,7.7,63.31,60.3,32.2,51.4,0
4.0,13.66,45.95,4.74,48.14,0.92,55.48,56.84,51.0,20.5,36.3,0
39.77,48.77,19.21,3.51,5.91,2.84,2.82,52.22,32.4,25.5,43.0,0
6.1,31.33,31.34,0.94,33.95,0.14,1.06,48.98,59.4,36.7,60.2,0
8.25,11.51,20.96,3.31,14.7,0.03,48.79,61.0,36.9,29.1,43.5,1
1.08,58.97,14.62,3.6,9.95,0.37,16.2,64.72,61.7,25.5,34.0,0
2.13,38.64,24.81,1.56,16.63,0.52,2.11,49.47,34.5,20.6,50.1,0
13.06,30.92,19.43,2.82,16.38,0.54,5.88,44.37,41.7,20.3,59.3,0
5.61,60.88,8.61,5.15,2.95,4.34,5.83,59.9,46.6,18.3,36.1,0
32.49,77.67,35.1,3.1,17.06,1.28,0.89,41.69,62.1,21.1,53.1,0
0.27,17.11,14.04,3.16,14.95,1.27,4.49,42.9,54.6,32.8,25.2,0
8.58,23.16,66.78,2.57,73.46,2.23,5.27,44.97,52.3,24.0,37.4,0
7.41,22.67,24.64,4.26,24.05,2.12,36.02,50.47,80.3,13.9,36.3,0
0.35,29.65,19.52,4.53,17.43,0.01,8.35,42.64,24.4,41.9,37.0,0
2.39,29.76,16.15,4.62,16.46,4.61,1.95,37.52,36.4,28.9,39.4,0
9.61,11.23,36.25,8.26,39.71,10.98,2.79,44.35,35.8,13.3,44.9,1
12.22,36.76,53.03,1.37,58.77,0.42,1.91,59.46,25.4,22.0,42.9,1
9.32,34.18,29.99,4.23,23.68,2.57,1.55,43.19,41.2,27.0,27.1,0
13.63,28.1,19.78,1.85,17.55,0.01,8.41,51.11,62.3,41.3,31.7,0
16.28,34.58,12.89,1.15,1.96,0.16,3.0,70.55,43.1,16.0,36.9,0
0.18,3.95,23.95,2.8,23.63,0.8,7.0,53.58,47.0,34.8,32.3,0
11.23,16.0,11.57,5.09,4.75,5.73,4.35,56.91,26.2,38.6,50.6,1
59.59,60.31,14.96,7.33,12.15,2.85,6.22,45.96,40.1,20.3,50.2,1
13.18,40.84,13.53,3.0,8.72,1.87,8.85,72.39,45.1,23.5,37.4,1
20.37,63.84,7.68,3.42,5.45,1.32,8.1,49.4,61.6,16.7,53.7,0
6.73,33.98,5.89,2.3,5.97,1.89,1.12,52.06,26.9,24.2,35.0,0
26.77,44.37,45.5,2.7,30.92,1.12,8.11,65.19,45.2,25.7,51.7,1
26.68,55.54,27.07,4.84,18.02,4.55,4.57,52.46,68.3,31.9,45.6,0
13.26,12.33,11.46,2.25,10.25,2.11,3.65,54.41,45.3,35.8,43.5,0
67.14,101.04,37.33,4.53,20.23,2.36,6.55,51.61,20.3,19.3,62.9,1
2.41,19.86,43.17,3.3,45.59,1.16,30.55,51.66,71.2,8.3,42.8,0
0.31,40.51,9.45,10.82,6.6,6.39,45.34,57.15,63.0,25.8,19.7,0
26.47,53.87,18.06,3.82,10.69,3.09,7.41,58.7,65.0,28.6,43.3,0
29.63,35.43,13.07,4.84,12.06,0.46,54.54,48.53,25.8,28.2,51.3,1
2.31,25.63,27.62,2.27,28.08,0.98,3.92,47.49,74.7,23.1,41.4,0
5.56,15.78,8.54,2.3,5.97,0.85,8.36,48.82,40.4,27.1,52.4,0
0.32,27.79,53.41,9.01,55.13,9.94,5.41,42.09,44.4,39.6,31.2,0
6.25,68.06,5.39,6.88,5.11,1.37,55.88,40.48,41.5,29.4,52.6,0
26.7,50.31,1.44,5.53,1.48,0.16,30.98,56.53,66.2,22.6,40.4,0
13.14,21.01,17.87,4.23,3.09,1.41,28.13,61.98,49.3,21.5,54.2,1
7.7,43.41,9.62,4.35,7.78,0.99,22.41,61.4,59.2,24.5,46.6,0
8.37,16.47,10.81,2.26,11.3,1.67,2.0,35.0,53.1,40.7,29.6,0
0.02,45.28,17.6,2.58,10.07,0.64,4.51,51.92,50.6,24.4,38.1,0
6.42,13.34,7.82,1.39,6.36,0.09,8.82,44.63,37.8,25.8,37.4,0
18.72,57.13,9.75,3.26,9.5,0.2,27.22,55.22,79.2,21.7,49.7,0
65.83,68.9,46.8,2.97,30.09,1.04,7.07,50.45,30.0,35.9,62.4,1
33.8,58.42,38.59,2.88,25.99,1.11,7.57,59.03,58.2,43.6,47.1,0
0.43,37.49,15.96,5.25,16.98,4.23,19.34,53.84,57.6,30.1,48.9,0
41.19,58.46,42.59,2.63,32.02,0.56,5.73,37.88,69.3,26.7,52.5,0
27.52,37.59,21.74,1.33,9.39,0.06,3.88,45.78,72.8,26.3,55.6,0
27.29,47.31,6.14,6.04,0.11,3.94,28.27,54.05,49.9,4.5,45.0,0
11.02,27.18,8.46,5.93,4.37,4.59,2.32,54.77,60.0,32.7,56.6,0
9.14,28.06,4.77,2.18,3.67,1.0,7.53,42.05,78.5,27.2,32.3,0
6.5,10.02,9.01,1.01,9.14,0.67,1.95,40.94,51.0,29.9,31.8,0
1.22,33.26,38.17,4.24,36.19,4.23,3.31,54.48,36.0,19.6,50.8,1
4.66,26.9,31.06,5.46,23.01,0.02,54.39,42.07,46.2,22.5,32.6,0
5.1,7.68,10.17,6.83,3.52,6.18,0.94,39.82,32.4,22.3,53.3,0
11.91,25.07,9.34,5.63,9.05,4.37,4.66,50.22,57.6,35.2,49.3,0
24.77,23.07,12.85,2.27,12.0,1.5,7.39,49.85,68.0,22.6,44.6,0
11.56,30.47,55.41,1.63,56.29,0.74,0.7,46.53,50.2,44.7,22.1,0
1.07,29.97,6.33,4.6,0.49,0.1,15.73,48.02,27.7,29.9,35.3,0
56.97,59.83,7.58,14.01,7.92,15.0,31.98,54.12,67.3,14.5,61.7,1
51.48,54.45,70.7,4.75,72.21,4.4,5.84,47.88,25.4,24.8,69.8,1
27.68,37.85,63.43,4.97,61.59,1.27,51.04,54.6,28.8,20.1,63.3,1
85.46,83.28,6.57,6.62,5.96,0.05,35.54,50.77,49.3,6.3,66.6,1
14.15,21.05,1.7,3.02,0.0,2.39,7.73,55.43,55.8,40.4,49.4,0
59.23,53.15,13.23,13.73,12.7,11.42,40.79,61.46,58.3,32.3,69.3,1
1.42,11.54,42.28,2.89,28.24,3.13,5.99,61.13,51.0,30.8,46.4,0
8.19,11.62,7.21,3.06,4.52,0.17,25.98,64.95,78.4,27.5,43.7,0
4.6,47.76,40.69,5.02,40.17,1.4,49.73,61.12,53.0,13.6,17.6,1
3.92,52.58,12.36,1.96,5.15,0.26,7.46,56.03,67.5,21.6,35.2,0
2.73,30.18,12.82,5.84,11.15,5.02,15.24,50.32,63.8,33.6,24.7,0
17.53,57.27,19.03,2.64,20.4,1.2,1.33,50.7,32.6,16.5,40.9,1
27.36,32.85,11.33,4.1,5.5,3.07,5.87,46.54,49.5,3.2,57.1,0
15.54,42.08,10.69,4.26,4.54,0.16,5.43,54.04,83.8,24.0,45.0,0
2.86,30.76,10.42,1.34,9.57,0.38,5.97,59.93,44.4,24.7,47.8,0
30.0,49.9,23.59,5.92,25.97,3.0,43.53,47.83,41.9,27.2,51.9,1
18.19,29.43,7.83,4.84,1.4,4.4,5.0,53.68,54.6,32.6,30.2,0
8.84,27.05,19.43,3.09,13.49,0.55,4.94,48.24,45.0,31.7,15.0,0
20.18,40.84,15.74,4.82,17.31,1.54,26.68,55.78,40.1,28.3,45.6,0
5.42,27.88,17.14,3.11,11.17,2.4,5.3,49.33,44.8,36.8,35.3,0
7.62,15.0,41.71,5.71,27.71,2.66,41.51,47.71,73.5,12.3,28.7,0
44.91,85.38,13.23,4.97,13.39,2.64,17.82,48.22,50.0,30.5,38.2,0
6.18,25.99,18.98,1.29,16.17,0.3,8.34,58.28,32.1,31.6,30.4,0
11.43,43.41,20.52,5.2,14.84,2.39,32.48,53.18,29.3,14.8,38.2,1
39.75,46.19,13.09,5.18,12.8,3.56,5.52,50.36,85.1,12.5,59.5,0
22.14,46.38,10.27,5.52,2.12,5.43,3.95,56.22,48.6,19.3,46.8,1
1.16,22.8,36.87,2.85,27.46,1.89,5.94,50.48,58.5,20.0,51.6,0
2.87,11.8,10.71,11.42,0.67,15.0,3.74,63.58,40.4,32.8,25.9,1
0.14,19.88,12.63,1.58,12.04,0.23,6.96,45.72,56.8,20.5,43.9,0
17.94,30.64,19.27,3.3,10.54,1.22,0.68,52.41,73.9,18.3,43.5,0
10.69,25.77,5.94,5.72,3.04,3.48,37.59,42.06,42.2,20.5,46.8,0
2.6,40.16,2.33,1.6,0.53,0.34,7.98,51.05,58.9,36.1,31.8,0
57.03,66.53,3.13,9.95,2.25,10.03,2.75,39.72,30.9,26.1,71.4,1
13.58,47.92,17.67,2.5,3.66,0.87,0.97,60.34,82.3,24.4,44.1,0
4.98,33.71,30.25,2.86,29.9,1.1,4.97,60.52,56.0,25.0,30.4,0
12.5,32.04,38.27,3.57,29.13,0.67,9.29,60.67,45.8,37.6,40.5,0
20.49,56.87,1.92,2.24,0.97,0.92,1.08,54.25,47.5,19.3,41.8,0
1.43,38.55,12.94,2.98,4.67,2.14,1.13,46.52,44.3,37.8,40.5,0
5.78,26.36,27.15,2.61,29.39,1.35,5.86,47.2,45.1,27.9,25.8,0
29.61,47.85,4.84,3.61,5.26,0.81,28.06,67.01,15.3,24.6,48.0,1
11.08,49.17,103.85,6.22,80.0,4.84,4.19,66.2,50.5,45.0,43.9,1
14.24,42.9,4.26,2.49,4.22,0.17,7.97,55.04,49.9,16.5,41.7,0
10.21,55.55,19.32,5.33,17.34,4.15,2.29,49.62,59.3,22.8,53.1,0
0.81,18.45,20.15,4.37,8.34,0.93,34.18,65.63,44.2,14.9,43.1,1
3.26,9.99,12.05,1.93,1.98,1.67,5.04,48.1,40.4,34.6,36.4,0
10.62,20.12,7.41,5.16,3.98,1.17,47.97,55.95,51.9,41.2,41.9,0
4.22,6.67,22.73,5.97,18.97,2.7,47.07,65.49,27.8,41.0,39.9,1
0.92,11.27,10.38,4.34,4.91,3.32,4.86,46.89,54.2,37.0,39.4,0
33.4,58.96,15.82,12.68,16.8,15.0,5.76,61.05,24.1,24.2,31.8,1
71.52,78.79,4.82,3.36,3.12,0.9,7.21,58.42,68.8,22.7,64.2,0
28.36,33.41,8.84,2.27,7.43,1.78,3.37,53.66,62.3,11.0,32.9,0
34.61,42.07,12.11,3.76,10.28,1.65,2.54,45.56,38.1,44.3,63.4,0
4.99,28.65,7.53,11.51,6.23,13.9,9.18,47.84,61.9,30.2,36.6,0
58.22,62.68,4.62,5.46,3.2,4.41,4.39,56.46,53.7,21.6,59.3,0
3.95,19.81,10.11,1.43,8.31,1.22,0.51,41.9,36.9,38.0,45.7,0
54.45,51.09,21.42,3.85,20.62,2.16,8.04,55.11,21.7,17.2,63.7,1
94.73,123.71,52.48,5.78,53.86,0.85,41.16,58.6,56.7,29.7,66.3,1
22.39,66.42,24.68,6.78,26.15,4.47,2.02,62.37,40.1,24.4,44.4,1
71.48,70.5,11.13,5.78,2.01,3.68,0.77,42.11,68.4,31.7,63.8,0
15.17,27.84,16.07,7.38,4.71,9.15,3.12,65.19,52.2,25.4,24.4,1
5.41,7.26,2.88,3.12,1.3,2.46,8.85,68.41,41.5,12.9,30.5,0
10.34,49.58,2.31,3.92,1.69,2.23,8.9,57.49,79.0,26.7,37.8,0
16.21,20.07,10.62,2.74,3.26,1.15,3.3,45.18,60.6,35.4,41.1,0
1.37,20.24,18.86,4.15,3.76,3.01,8.02,51.21,15.0,25.7,20.8,1
17.53,22.97,3.26,7.21,3.38,1.1,33.17,53.6,44.7,33.0,54.4,0
71.51,80.2,4.19,5.6,4.56,4.42,6.39,56.3,31.2,16.6,66.2,1
3.8,38.83,6.07,1.22,5.39,0.06,3.51,54.19,40.0,25.8,37.1,0
28.32,53.41,8.7,2.22,1.97,0.08,5.14,56.39,49.8,20.4,51.7,0
42.93,67.38,24.14,5.06,4.52,3.17,3.14,53.23,57.3,32.7,46.4,0
51.79,49.65,22.92,6.16,16.22,6.75,1.05,56.25,55.9,26.3,62.9,0
58.0,68.01,8.1,6.33,3.33,2.18,52.82,50.09,68.2,32.2,57.4,0
13.27,78.96,9.52,5.44,2.54,3.15,3.12,51.13,61.5,35.8,32.0,0
68.14,81.29,2.42,6.4,0.94,4.19,9.29,49.1,60.6,32.2,71.4,0
25.49,41.63,16.65,2.55,10.73,1.29,9.19,70.3,55.0,28.5,61.4,1
3.17,18.67,23.36,2.69,23.37,0.26,7.95,66.44,71.3,17.0,43.7,0
11.66,31.71,2.31,6.08,0.89,7.29,2.59,58.72,47.3,26.0,49.5,1
22.81,38.75,12.58,8.1,12.18,8.11,25.14,65.27,47.6,21.2,40.1,1
5.11,64.42,23.95,4.18,19.26,2.05,16.49,60.79,23.4,22.9,21.3,1
18.42,49.76,18.89,3.46,11.27,0.54,3.98,55.54,67.8,22.6,58.2,0
19.77,34.45,28.37,5.13,25.71,4.8,0.9,41.2,50.8,17.2,64.4,0
3.2,35.65,17.36,4.03,18.85,1.86,26.34,51.77,90.0,8.4,51.9,0
14.99,23.18,0.96,3.93,0.81,0.02,55.99,51.15,45.9,20.0,38.4,0
26.58,41.73,6.53,3.58,5.62,0.25,25.25,44.37,53.3,27.7,35.4,0
12.44,23.76,13.0,7.81,12.2,7.64,20.57,41.37,60.2,13.9,29.9,0
0.22,31.6,46.54,4.51,48.25,0.12,3.67,58.19,35.5,26.1,18.3,0
0.16,18.23,19.55,2.47,21.19,0.77,6.32,56.76,57.4,43.1,34.0,0
7.95,28.32,9.89,2.07,2.38,1.71,2.6,44.08,52.5,35.2,54.6,0
46.91,56.93,11.58,2.84,4.58,0.52,2.89,47.66,47.4,40.8,54.7,0
4.67,29.2,19.19,1.5,18.49,0.6,3.33,63.87,69.6,29.5,40.1,0
18.11,47.15,13.31,7.23,9.27,1.16,47.14,46.54,38.4,36.5,56.9,1
4.52,51.33,10.51,1.85,10.97,0.79,2.4,55.45,56.1,19.5,33.0,0
6.99,21.76,12.34,3.11,10.13,2.97,5.57,52.39,73.8,20.2,58.5,0
33.91,37.34,13.2,5.0,1.68,1.98,38.24,58.3,41.4,1.3,70.2,1
23.49,46.18,30.14,1.83,26.29,0.8,3.07,46.72,47.5,36.7,44.3,0
1.8,8.15,17.29,1.06,18.48,0.56,2.62,54.77,87.2,39.9,30.0,0
10.08,24.02,18.55,2.83,8.08,0.09,28.74,55.43,59.1,21.0,46.5,0
0.53,5.46,19.2,2.28,13.73,0.13,27.42,55.96,44.4,23.7,31.8,0
11.8,113.44,17.75,5.79,15.7,3.39,6.99,54.67,64.0,19.2,28.7,0
19.55,60.07,10.02,3.41,3.28,0.35,2.48,56.93,43.5,29.4,56.6,0
2.27,42.67,3.14,3.17,2.22,2.32,0.58,72.63,28.5,36.1,48.2,1
6.14,54.3,5.07,8.75,0.3,4.92,31.42,75.0,72.6,10.3,39.3,1
9.13,45.51,38.85,2.13,36.75,1.28,1.53,48.57,35.5,29.7,26.5,0
45.36,62.03,19.13,5.0,3.73,0.59,50.54,35.0,88.8,23.5,43.1,0
89.98,100.45,1.77,7.87,1.51,6.56,3.25,59.06,44.7,27.0,76.6,1
0.83,46.64,8.89,4.27,6.74,3.64,7.22,55.58,84.0,30.1,30.4,0
25.76,69.89,17.83,7.33,1.41,7.26,6.13,63.02,31.5,24.3,43.2,1
8.37,16.3,2.42,6.08,1.05,1.75,45.31,56.42,67.4,25.1,49.0,0
8.97,25.34,17.72,8.89,8.5,6.85,49.95,54.5,59.5,24.1,46.4,1
25.26,42.49,8.76,5.98,9.72,4.23,29.95,63.6,64.6,34.7,60.1,1
45.11,76.89,11.51,6.82,12.61,1.43,49.93,64.78,66.5,29.8,45.4,1
54.26,56.64,15.48,5.07,14.55,2.45,34.99,42.21,44.5,28.0,56.0,0
15.49,22.71,23.28,1.8,16.11,0.35,6.61,47.06,32.4,14.6,49.6,0
7.95,12.88,7.32,2.03,7.4,1.87,6.0,53.1,51.2,22.6,43.1,0
27.88,37.09,15.4,1.57,13.89,0.74,1.2,54.84,55.3,34.1,62.9,0
5.2,19.73,5.35,1.45,5.01,0.83,6.5,52.08,44.9,26.3,41.5,0
14.95,67.76,9.14,6.84,8.46,0.36,55.31,57.69,56.2,31.9,60.2,1
7.99,42.38,10.65,2.22,7.17,1.17,7.28,62.47,56.9,41.9,44.0,0
19.24,54.89,8.56,4.21,6.95,2.18,15.24,68.64,38.3,35.3,54.3,1
4.95,12.46,4.62,2.14,3.55,2.14,2.82,58.92,57.9,26.8,34.0,0
3.83,20.17,3.94,1.73,1.05,0.83,5.39,46.76,48.0,21.4,36.9,0
45.07,70.89,17.14,5.6,10.99,4.57,4.84,52.75,41.5,3.0,64.4,1
1.93,23.8,9.11,3.48,9.27,1.55,23.81,53.36,63.8,24.5,52.0,0
12.69,39.58,9.66,4.47,6.37,2.95,7.21,58.37,40.3,23.1,48.0,0
4.49,10.04,49.27,5.35,52.6,0.84,44.53,57.3,45.1,29.5,36.2,0
0.71,22.1,14.06,4.53,12.45,4.78,6.89,71.43,53.1,24.6,49.1,1
0.66,34.36,32.06,2.17,24.14,1.83,1.88,50.08,72.6,23.1,15.0,0
3.47,11.46,25.9,5.73,11.08,4.67,7.06,57.27,54.9,10.0,22.3,0
36.28,34.55,4.55,5.92,3.2,0.49,29.66,74.02,59.9,17.5,58.1,1
5.98,13.28,48.84,1.57,47.64,1.11,0.8,49.03,47.5,30.3,37.8,0
54.09,91.51,36.88,2.91,33.45,0.34,2.61,55.23,50.8,41.4,65.4,0
15.68,20.43,18.2,3.62,7.9,0.53,45.75,45.97,51.3,25.1,42.7,0
10.33,29.02,17.05,2.26,3.65,1.18,4.61,54.7,56.4,29.0,45.4,0
15.62,16.84,6.7,4.48,3.24,5.16,3.43,47.37,47.6,34.6,33.9,0
13.09,20.67,42.32,6.38,20.02,1.75,9.39,62.9,72.1,18.7,46.6,0
25.6,44.91,22.15,3.88,1.05,1.08,33.62,55.25,46.4,29.3,56.5,1
5.98,24.98,18.12,5.39,15.42,3.87,30.0,46.05,26.4,19.3,49.9,1
7.84,47.49,14.62,2.14,11.04,0.04,5.01,61.14,90.0,33.8,58.7,0
40.41,61.1,9.34,3.79,3.04,1.29,20.39,55.53,47.1,27.4,55.6,0
52.69,53.3,17.12,6.5,15.9,2.14,56.6,62.1,71.7,28.7,61.4,1
40.15,50.85,18.25,5.46,13.04,1.58,5.55,44.24,73.1,19.0,37.8,0
9.79,22.49,9.06,2.71,5.25,2.01,4.04,57.14,66.2,32.4,34.1,0
27.28,25.19,8.84,3.05,9.58,0.63,2.04,60.57,49.0,44.8,45.3,0
11.64,65.91,33.38,2.28,24.32,1.01,1.15,50.4,56.3,16.9,50.7,0
12.39,31.13,26.47,6.04,10.6,7.03,5.52,43.3,32.9,22.9,34.5,1
4.12,26.9,9.02,7.33,9.84,6.2,1.38,53.65,81.9,28.1,44.8,0
16.1,45.55,17.28,2.35,8.82,1.17,6.96,64.44,39.2,33.1,42.2,1
3.71,35.31,5.15,4.98,2.47,2.92,18.56,63.57,48.2,21.0,34.9,0
7.25,40.73,77.29,5.01,80.0,0.66,54.35,50.36,53.5,0.5,40.8,0
34.76,44.37,12.88,3.66,9.69,1.05,26.12,43.09,50.4,38.2,46.7,0
4.18,16.99,9.9,4.41,5.66,3.94,7.15,50.33,42.1,32.8,32.6,0
1.33,43.02,16.68,3.11,13.98,1.33,3.08,50.02,72.9,10.3,18.6,0
1.29,58.03,23.05,9.37,12.82,4.5,47.71,57.79,66.3,20.5,33.1,1
50.88,46.79,10.09,3.44,3.54,2.38,8.5,53.11,56.8,40.1,53.1,0
12.73,51.69,29.56,6.49,29.29,2.52,44.91,47.6,46.0,39.0,35.6,0
9.48,24.78,7.85,0.98,0.94,0.08,0.75,63.39,68.0,34.4,43.4,0
29.98,44.42,32.52,5.19,13.78,3.78,9.29,55.19,45.0,24.4,55.1,0
32.52,28.71,7.19,6.55,7.43,7.51,9.11,57.7,75.6,26.7,52.0,0
7.27,26.41,6.91,3.57,4.4,1.27,27.56,39.34,53.7,24.8,48.2,0
21.29,30.67,26.92,2.07,16.29,0.26,17.99,35.0,70.4,36.2,50.3,0
26.54,24.3,19.69,9.55,12.92,8.0,52.81,41.78,50.3,18.1,44.0,1
19.14,60.97,34.03,3.14,19.6,0.85,3.14,49.92,53.1,18.7,39.0,0
2.96,25.72,6.05,2.08,6.45,1.11,8.93,58.9,70.4,35.1,39.5,0
37.56,57.75,34.52,2.73,25.12,0.11,7.65,35.0,84.9,25.6,57.6,0
13.94,56.3,14.5,2.37,5.65,0.28,6.35,67.54,75.4,38.4,55.3,0
5.97,37.65,18.65,1.47,9.47,0.54,3.06,55.45,65.2,20.0,49.6,0
9.97,14.43,38.57,2.47,36.79,1.95,6.81,65.56,60.8,25.5,34.1,0
0.69,38.43,1.39,4.08,1.19,2.02,3.1,46.47,44.4,17.7,34.3,0
2.46,6.59,5.99,6.31,1.49,2.16,17.63,58.28,56.4,26.1,42.8,0
26.11,53.03,75.14,3.64,80.0,2.57,5.08,54.72,38.3,12.7,57.4,1
0.0,64.93,51.51,3.07,52.24,1.85,4.9,60.95,57.6,21.6,44.4,0
9.7,39.27,25.16,4.01,18.96,3.71,7.37,52.01,58.6,13.1,38.7,0
13.31,26.63,15.6,10.74,11.3,8.8,47.07,58.02,22.6,32.2,28.4,1
1.01,64.32,11.92,4.5,10.94,0.91,27.15,63.37,52.6,32.4,25.5,0
65.07,78.43,9.1,2.51,4.01,0.34,4.55,48.47,58.2,10.4,67.0,0
4.61,12.67,7.38,2.85,7.63,1.34,21.08,56.06,50.7,38.0,40.5,0
6.53,17.32,5.47,1.95,6.04,0.05,3.42,37.95,57.4,45.0,27.0,0
6.52,16.98,3.61,5.75,0.59,6.47,7.19,59.97,31.9,26.4,38.4,1
4.71,77.33,18.29,3.81,10.88,0.95,5.2,70.61,40.4,20.2,43.4,1
0.03,30.68,16.63,2.47,6.94,1.43,8.73,43.42,67.5,45.0,23.5,0
23.52,51.43,18.61,2.76,15.36,0.31,6.35,53.22,52.0,14.1,56.6,0
61.32,79.96,22.1,4.01,11.06,2.28,2.41,61.48,57.1,26.2,58.8,0
4.57,28.31,26.44,1.45,28.48,0.1,1.98,54.27,43.8,27.6,49.6,0
19.58,30.24,25.6,4.17,6.27,3.63,3.85,55.4,52.3,38.1,38.5,0
24.38,27.7,23.24,8.21,8.83,9.86,3.62,50.68,17.5,29.2,35.7,1
33.96,54.95,14.95,2.53,10.52,0.8,4.16,50.36,64.7,21.5,45.7,0
9.89,70.61,2.74,2.36,2.64,0.6,2.15,53.26,79.1,17.4,38.5,0
6.5,30.65,10.52,5.81,7.65,1.69,9.3,54.35,36.0,22.9,34.0,0
7.08,53.57,16.27,7.47,16.76,2.57,44.46,43.96,37.9,16.9,36.0,1
22.45,22.5,11.94,1.8,6.67,0.47,6.37,53.44,58.6,26.4,48.4,0
30.55,51.19,29.73,5.44,31.63,3.91,26.45,67.33,74.1,20.9,47.0,1
3.61,15.95,14.89,1.1,12.17,0.5,4.16,50.44,52.0,12.6,36.0,0
8.34,15.42,3.46,2.08,2.31,0.01,3.28,43.48,33.6,37.3,21.7,0
41.8,89.16,10.4,8.61,10.22,2.11,51.66,52.71,48.9,21.5,57.7,1
29.58,39.46,20.86,1.54,21.28,0.33,4.98,47.93,36.6,14.6,47.4,0
75.43,94.72,14.06,7.03,15.43,3.32,26.52,42.62,42.0,24.5,85.0,1
25.26,39.93,35.67,2.34,31.24,0.48,5.75,55.18,47.4,26.6,37.0,0
8.99,13.58,19.49,5.89,19.21,4.28,39.41,47.96,38.1,10.3,21.0,0
16.08,47.35,8.02,3.18,0.93,1.71,8.1,48.69,40.3,29.0,48.4,0
19.47,31.71,7.82,3.54,1.63,2.06,8.48,55.3,53.1,16.6,47.2,0
1.47,38.52,11.6,1.66,12.43,0.43,7.14,40.97,55.2,41.4,25.6,0
14.15,21.64,5.63,2.64,3.76,0.4,29.43,39.2,30.6,30.7,26.1,0
22.24,31.98,15.9,3.0,12.09,2.46,9.15,59.7,57.9,22.4,60.4,0
3.3,32.6,32.35,3.56,19.24,0.64,9.03,37.59,46.3,19.3,50.6,0
27.31,33.52,11.96,2.51,9.87,0.97,6.91,45.7,62.8,25.1,22.4,0
15.78,46.7,9.48,2.78,5.85,1.21,5.16,38.7,63.7,31.5,37.5,0
54.74,49.21,21.81,2.72,14.99,0.69,2.76,49.87,43.8,25.8,76.3,0
0.78,7.74,11.49,6.59,1.92,3.47,7.31,57.64,61.2,24.0,30.6,0
5.55,25.99,32.61,6.61,19.11,7.71,8.4,54.95,39.4,26.5,32.6,1
16.56,45.56,19.46,2.54,17.04,1.48,6.49,74.33,71.9,20.6,39.6,0
6.33,27.4,11.6,6.43,11.45,7.4,6.16,63.24,40.0,22.9,26.6,1
22.56,48.09,12.35,6.39,4.09,4.74,2.24,46.09,57.3,7.2,28.1,0
25.61,36.2,19.17,1.73,20.41,0.41,3.72,43.83,49.2,34.8,57.1,0
1.95,4.07,14.18,4.11,12.14,0.61,39.91,75.0,36.7,28.7,17.4,1
12.98,26.99,6.66,1.89,0.8,1.52,0.65,63.03,65.5,19.0,43.3,0
12.8,27.13,41.02,2.97,37.73,2.08,6.27,59.01,42.8,43.1,49.6,1
8.3,51.93,30.15,2.63,24.69,1.34,7.4,54.64,26.5,26.8,24.2,0
48.63,74.16,16.27,3.24,16.65,1.37,3.51,56.32,15.0,16.7,47.6,1
31.63,34.56,30.99,2.05,7.78,1.38,1.19,41.4,38.9,33.7,61.4,0
21.5,19.95,33.67,3.12,36.1,2.26,7.87,55.33,72.6,29.6,50.0,0
22.55,37.54,16.44,4.89,17.59,0.18,46.5,54.61,70.9,29.6,39.0,0
11.15,22.28,15.89,8.21,10.38,3.04,57.63,46.31,41.2,22.2,52.0,0
45.69,97.97,29.12,8.07,16.3,7.47,6.87,49.42,46.4,30.1,67.6,1
21.35,63.97,9.88,6.16,5.51,4.56,7.85,66.88,45.0,23.6,47.3,1
23.5,25.91,8.45,3.22,3.36,0.61,8.26,52.94,32.0,31.0,36.6,0
35.61,62.4,9.82,2.02,5.76,0.32,5.27,71.6,37.8,8.9,46.9,1
5.77,33.54,3.47,2.54,3.57,1.16,4.78,39.2,66.7,22.1,40.5,0
29.62,53.04,22.38,10.26,17.24,7.15,56.9,49.56,59.6,41.5,46.4,1
3.91,101.13,4.48,8.64,2.02,4.13,55.67,40.85,56.1,19.1,46.1,0
7.63,25.32,35.82,2.43,21.51,2.17,5.71,43.72,32.0,20.6,23.1,0
7.36,41.18,9.79,1.66,9.5,0.35,4.41,46.96,53.5,22.0,23.4,0
69.14,97.13,10.6,7.96,9.38,4.69,31.17,56.68,17.4,15.1,67.9,1
34.95,55.9,8.44,4.47,4.7,3.95,4.82,56.27,64.6,6.1,45.8,0
21.74,77.09,12.76,6.95,9.85,6.78,3.78,48.23,55.9,23.9,38.5,0
23.37,43.34,7.8,3.81,5.26,2.37,3.59,35.06,31.8,27.2,27.8,0
14.86,49.62,8.82,3.23,7.28,1.68,9.44,66.56,76.2,25.5,41.9,0
52.91,56.37,21.29,4.87,22.59,3.07,24.22,51.57,25.1,24.7,58.3,1
12.34,17.51,20.24,7.49,11.03,5.52,48.49,44.51,60.0,26.4,47.1,0
8.62,36.97,19.84,11.61,18.07,2.32,42.16,56.34,60.3,35.2,39.6,0
3.2,22.3,22.54,2.78,19.37,0.86,24.65,55.74,33.4,24.3,35.1,1
27.77,44.05,25.46,3.48,23.02,2.5,8.7,51.26,51.4,20.8,59.3,0
23.87,35.92,8.48,5.99,3.71,6.57,7.59,55.26,27.4,23.5,32.6,1
8.73,43.85,79.32,6.01,80.0,2.64,50.34,44.18,15.0,31.2,44.3,1
0.46,23.55,15.17,3.14,10.23,2.07,8.23,60.46,36.0,38.7,18.5,0
32.87,107.23,19.66,8.25,19.71,3.84,8.78,45.53,42.8,20.3,41.4,0
0.21,22.77,16.76,2.94,13.24,2.2,2.62,48.85,61.7,26.9,23.0,0
21.89,45.73,12.58,1.82,12.11,0.16,4.63,59.51,53.0,29.0,52.7,0
63.27,93.38,77.33,5.48,80.0,3.96,3.97,64.23,53.4,17.1,62.8,1
10.36,38.31,7.14,2.28,4.16,1.69,3.94,67.48,36.8,26.2,39.5,1
4.82,11.42,7.62,6.11,8.2,7.83,6.37,62.97,44.0,12.8,26.1,1
21.97,36.09,9.77,11.31,2.03,9.69,41.96,51.25,38.1,10.1,41.9,1
30.58,36.73,4.47,2.78,2.83,1.53,6.05,40.9,33.6,29.3,41.1,0
14.23,40.51,33.36,8.55,20.22,10.56,3.94,65.94,43.1,22.5,45.2,1
61.42,77.0,2.05,5.97,0.08,1.12,54.85,65.65,53.1,27.8,52.7,1
0.95,38.73,61.93,3.48,30.87,2.93,3.68,48.29,43.4,25.8,48.7,0
12.65,52.28,17.8,4.42,15.63,0.23,32.13,61.83,47.1,17.2,23.9,0
22.81,30.11,6.48,1.7,7.03,0.33,5.91,51.18,62.4,25.6,37.2,0
35.73,71.33,6.62,7.87,6.83,6.43,9.27,66.76,44.5,14.9,67.9,1
3.56,48.36,2.41,6.92,2.11,6.54,7.99,49.62,32.0,38.5,32.2,1
28.97,33.45,34.12,2.5,37.52,2.07,4.87,70.82,60.5,13.8,34.9,1
14.48,39.46,17.75,4.56,17.64,1.07,2.68,60.68,56.0,24.2,43.7,0
9.09,58.82,8.12,3.07,6.4,1.75,6.57,69.28,56.9,16.6,34.3,0
2.54,19.36,1.49,4.02,0.87,4.18,7.04,50.06,61.4,31.1,27.8,0
36.08,51.21,8.35,3.8,5.43,0.59,15.74,57.44,58.8,23.0,40.3,0
3.08,29.64,5.02,1.52,2.55,0.77,2.57,45.76,52.4,21.3,64.1,0
6.67,28.51,20.69,3.27,16.25,2.72,5.52,61.17,87.9,33.7,35.5,0
6.17,29.2,20.17,8.37,20.96,8.51,2.78,61.64,32.7,26.3,18.5,1
36.92,63.75,25.78,2.98,12.28,0.33,8.96,74.37,43.2,30.6,66.6,1
20.1,50.36,29.78,4.42,28.26,3.79,6.16,58.1,66.5,17.2,50.2,0
28.67,44.37,8.45,4.85,2.88,2.74,19.22,60.15,54.1,13.4,40.2,0
5.19,66.99,7.18,3.39,7.71,0.6,2.44,50.0,63.4,27.0,28.0,0
17.65,25.69,20.2,5.84,16.99,3.5,41.25,58.6,54.5,23.1,49.7,1
15.26,50.1,3.48,5.05,0.81,2.58,24.96,50.77,72.6,31.6,39.4,0
32.2,29.15,21.87,7.24,7.11,0.43,47.21,54.98,36.9,25.3,30.2,1
42.58,57.82,22.4,5.37,10.43,1.51,6.03,55.48,72.1,27.8,72.0,0
0.22,1.53,10.43,2.71,4.82,2.52,5.93,51.01,69.6,11.4,30.8,0
20.18,39.9,18.07,3.52,10.34,0.63,36.23,54.54,33.8,43.0,59.0,1
0.96,30.04,16.44,3.44,11.38,1.32,15.04,50.81,61.5,24.5,48.2,0
14.33,28.16,5.55,1.37,6.05,0.3,4.81,50.77,51.4,32.3,31.4,0
6.1,26.33,8.85,2.25,1.74,1.06,0.68,63.15,42.9,18.5,48.1,0
6.6,40.62,3.47,2.02,2.56,0.79,3.64,55.49,23.7,28.8,31.5,0
7.84,6.82,16.92,2.62,11.15,1.93,1.67,56.95,36.8,14.3,19.9,0
17.48,28.7,1.94,1.42,2.09,0.28,3.77,41.61,62.6,30.1,38.6,0
7.32,58.35,28.87,4.73,29.6,1.17,5.97,57.6,64.2,22.8,42.3,0
23.75,27.34,27.56,1.36,25.77,0.85,0.7,58.51,48.8,26.3,41.1,0
9.33,19.77,6.89,2.9,4.96,2.74,8.33,50.61,64.3,32.3,36.1,0
1.27,3.66,28.62,3.69,23.9,2.92,5.99,71.72,66.2,14.9,47.0,0
27.56,37.38,12.12,1.56,8.53,0.19,3.16,35.0,54.3,19.8,48.5,0
6.06,24.35,21.65,7.36,2.66,8.75,3.3,60.67,41.2,30.1,29.3,1
10.21,104.13,15.97,9.21,14.79,3.95,33.59,60.06,58.6,44.9,46.6,1
20.82,45.58,21.73,3.55,15.61,2.38,2.73,58.6,59.3,24.8,46.3,0
7.27,20.7,11.82,2.35,1.09,1.42,0.54,55.5,62.1,31.3,15.0,0
1.05,5.48,5.85,0.47,4.55,0.41,0.74,58.68,65.0,25.0,39.8,0
8.43,19.09,8.5,8.56,0.09,10.04,3.72,61.38,31.6,43.5,42.7,1
52.03,54.14,7.88,1.71,5.42,0.02,1.62,47.83,44.4,10.3,58.6,0
18.48,17.73,6.91,4.93,6.76,3.68,25.09,56.54,23.5,26.9,52.2,1
20.04,23.96,10.76,3.37,11.93,1.49,8.23,52.44,63.2,11.4,37.3,0
18.01,30.22,10.72,5.14,2.83,5.29,2.97,44.7,48.8,3.4,46.5,0
3.99,20.18,1.6,5.01,0.41,1.15,5.03,60.1,58.5,28.7,21.1,0
9.75,42.86,5.66,3.85,5.94,2.14,2.11,49.2,29.9,27.3,43.5,1
25.02,75.01,21.36,4.54,19.15,2.53,0.92,41.27,73.0,23.4,65.8,0
1.92,18.12,9.24,1.62,7.43,0.13,7.2,49.42,34.1,25.0,25.9,0
5.86,42.98,12.77,1.56,6.34,0.12,1.62,47.21,63.6,45.0,30.0,0
5.82,19.48,8.72,0.95,8.93,0.61,0.73,62.74,53.8,23.7,30.5,0
10.18,17.8,17.99,1.02,19.05,0.39,5.79,55.3,49.2,30.6,40.9,0
70.75,93.5,13.15,2.17,11.16,0.02,0.62,65.75,47.9,20.2,56.2,1
1.26,15.4,5.57,4.81,1.29,2.37,4.43,48.33,42.4,28.7,39.8,0
13.16,21.48,12.95,5.42,2.8,3.38,38.75,61.43,71.4,23.9,49.4,0
3.56,11.76,8.2,9.06,3.24,9.13,24.86,75.0,52.2,22.3,41.9,1
63.53,57.97,24.61,3.32,11.82,1.83,0.54,57.03,33.0,42.4,45.9,1
2.16,22.94,1.88,2.35,0.45,0.9,9.18,61.32,46.2,36.6,45.9,0
9.3,20.33,9.58,4.93,4.6,4.99,5.15,59.89,53.9,27.2,48.6,0
24.1,59.5,16.0,4.51,10.68,3.67,5.65,41.91,65.5,5.3,54.1,0
21.95,81.94,14.26,7.18,7.22,3.05,25.53,58.98,42.9,22.8,48.6,1
9.89,17.1,42.77,3.43,17.67,0.84,7.68,56.6,43.9,45.0,41.7,0
7.66,12.05,9.48,6.07,6.33,5.43,20.1,51.79,52.4,23.9,48.8,0
9.12,62.58,44.98,3.71,46.91,0.42,7.36,46.49,65.1,35.9,58.3,0
5.52,27.46,60.99,1.02,55.02,0.14,4.54,59.9,31.5,39.0,28.0,1
4.14,25.66,17.99,3.12,18.69,3.21,3.84,45.73,59.6,28.0,47.6,0
11.88,36.18,46.4,4.59,51.31,2.6,22.42,72.14,45.0,18.4,39.5,1
5.63,48.61,6.54,5.81,3.36,0.76,46.22,54.97,47.1,4.1,36.2,1
6.1,48.8,13.69,3.63,13.32,1.73,17.62,43.6,82.0,32.2,22.4,0
19.25,48.6,7.86,4.59,5.36,3.65,5.38,49.63,49.1,18.7,40.8,0
62.26,60.03,40.58,4.71,16.59,4.26,6.65,51.64,63.3,27.6,53.0,0
16.66,17.25,8.68,4.53,6.79,0.88,1.25,74.51,62.8,14.8,37.9,0
1.44,8.4,11.67,1.92,4.76,0.07,8.87,46.48,34.3,23.6,24.7,0
1.41,5.53,46.84,2.25,50.12,2.09,5.18,53.01,24.3,26.3,31.1,1
54.44,81.29,4.93,11.06,3.07,4.52,48.47,49.43,64.3,28.4,55.4,1
6.35,17.09,21.41,3.96,21.93,0.67,52.01,58.24,35.7,16.0,38.8,1
1.74,33.23,21.01,3.25,17.69,1.61,15.26,49.56,27.0,36.8,19.6,0
16.45,34.26,5.07,1.28,3.92,0.55,1.59,44.32,67.4,20.6,27.9,0
17.59,26.49,15.81,1.11,9.12,0.04,2.88,52.34,36.7,10.9,46.5,0
18.82,24.84,8.83,5.24,2.21,6.0,4.93,51.46,40.4,25.0,35.5,0
5.6,15.59,24.75,3.34,23.85,0.22,43.41,48.97,81.6,26.3,48.3,0
0.27,5.86,46.66,5.62,51.67,4.04,5.3,49.42,27.1,27.4,37.4,1
60.35,115.75,22.73,5.36,25.1,1.57,21.28,64.07,33.2,38.3,68.2,1
5.2,22.95,28.0,2.65,26.04,0.81,21.57,51.28,45.1,23.9,51.4,0
20.29,37.54,11.97,6.6,1.12,6.56,6.1,44.36,48.4,24.9,41.0,0
22.07,38.64,11.9,4.06,7.13,2.9,4.28,50.07,38.6,16.1,39.2,0
16.95,48.8,9.2,7.36,6.4,3.47,9.36,54.46,34.6,33.4,51.3,1
6.76,15.69,19.85,2.92,7.8,2.15,7.52,42.64,74.6,27.7,43.1,0
5.69,50.22,4.11,6.3,3.1,1.19,55.49,67.82,55.9,22.2,35.7,1
16.39,29.44,12.72,5.55,11.16,2.02,53.22,61.37,60.8,8.9,56.3,1
36.19,45.77,19.95,2.25,16.61,0.92,7.5,66.16,49.9,39.0,49.2,1
52.78,95.17,4.01,7.03,2.16,5.08,15.66,57.33,56.3,15.0,59.1,1
2.01,11.52,37.68,2.0,1.33,1.39,5.77,36.2,66.0,20.7,36.1,0
3.03,29.83,4.15,1.98,0.6,0.88,4.53,67.05,37.1,29.2,27.0,0
52.12,64.06,17.24,9.22,18.8,5.42,52.38,46.66,56.0,15.2,59.2,1
24.01,31.89,5.38,2.46,4.69,1.76,1.7,47.35,62.4,12.6,59.8,0
38.62,63.36,7.35,5.16,3.09,1.45,4.61,55.33,75.2,6.9,56.8,0
4.08,10.07,20.09,3.57,17.0,0.07,0.83,65.71,81.2,32.5,37.1,0
15.94,24.94,26.86,5.63,2.22,6.33,0.87,62.95,53.0,21.1,40.6,0
21.74,40.08,11.97,6.82,7.19,7.01,6.42,61.7,69.1,45.0,48.1,0
20.52,75.58,29.18,4.67,25.1,2.92,9.07,51.35,15.0,17.1,51.7,1
9.44,62.61,10.34,4.77,9.88,1.17,37.78,51.22,75.3,17.7,45.3,0
0.28,27.8,11.57,5.14,12.1,1.24,4.72,56.94,41.1,20.9,31.8,0
15.74,29.18,7.65,3.98,2.36,0.78,47.2,52.89,48.4,28.2,45.3,0
5.25,6.77,14.37,2.03,2.62,2.01,0.91,61.56,58.6,21.8,42.2,0
10.77,47.44,17.18,4.24,13.18,0.38,47.76,61.06,49.7,31.5,29.8,1
56.88,90.56,3.84,8.65,0.37,7.23,9.28,59.03,54.9,17.2,62.3,1
9.17,35.07,21.37,1.38,17.99,0.27,4.09,35.0,75.8,13.6,17.5,0
32.96,44.41,9.49,5.77,6.33,3.69,8.09,55.09,46.2,9.8,54.7,0
3.76,39.12,8.39,4.04,8.3,1.05,35.27,53.07,35.7,6.0,43.3,0
20.09,36.39,11.06,5.06,3.28,0.48,32.99,55.43,79.2,21.3,51.5,0
67.91,75.26,29.3,6.99,27.48,1.92,9.03,47.59,59.9,23.3,61.6,0
1.93,5.97,11.2,2.86,9.05,2.0,2.57,42.74,80.8,20.3,39.0,0
0.15,34.72,11.78,3.88,7.62,2.94,4.59,57.94,65.0,37.2,49.3,0
10.23,30.92,13.79,1.83,13.48,0.76,8.28,50.97,32.1,37.1,53.7,0
1.75,55.88,9.29,5.85,6.59,1.0,29.8,58.88,61.7,23.0,35.5,0
24.84,33.3,14.03,5.89,9.09,5.41,2.72,48.3,37.2,9.9,47.6,0
44.28,46.87,7.68,4.85,6.82,3.68,16.47,66.04,52.1,20.9,66.0,1
10.25,50.63,15.54,6.8,8.05,3.52,46.25,62.51,50.9,20.6,24.6,1
5.39,52.87,10.22,1.98,6.44,1.01,0.62,56.52,27.7,20.1,34.2,0
10.26,28.98,12.93,4.96,1.18,4.21,8.73,52.19,39.8,19.7,53.0,0
23.14,56.72,11.67,5.17,0.44,0.89,54.41,61.25,85.1,20.1,55.2,0
0.16,15.6,6.36,5.3,2.52,1.21,55.86,57.34,55.6,22.5,38.8,0
16.02,29.78,4.97,2.51,4.07,0.87,5.94,56.03,49.4,20.3,27.2,0
17.1,41.92,31.92,3.11,26.57,0.27,28.63,62.86,79.2,27.9,42.2,0
18.27,31.52,16.57,4.47,14.8,1.59,4.77,66.13,46.1,29.2,37.3,1
4.99,28.65,40.78,2.35,39.29,0.04,8.17,43.35,50.6,17.8,40.6,0
22.54,40.94,4.85,5.17,4.63,1.16,49.72,45.07,66.9,37.4,37.0,0
1.73,8.82,11.92,4.71,6.58,2.95,7.54,47.37,46.0,17.2,25.5,0
4.0,27.72,17.84,7.59,16.71,7.63,1.54,41.23,40.8,11.4,16.2,0
37.79,39.7,15.9,2.07,14.95,0.27,0.95,53.47,18.2,29.4,64.2,1
24.16,55.55,34.47,2.12,12.25,1.02,0.76,59.1,38.0,18.6,41.9,0
0.25,42.63,15.25,5.37,13.17,1.95,43.07,53.82,37.8,28.9,36.7,1
5.14,22.05,16.69,2.76,10.99,0.41,6.5,49.46,54.4,4.4,37.3,0
4.34,62.09,27.5,2.69,23.97,0.39,4.95,63.57,42.8,38.5,26.3,0
5.68,52.52,11.4,3.0,11.94,1.11,7.27,55.19,84.4,32.1,25.0,0
5.12,28.97,52.4,5.02,49.04,2.52,2.23,56.92,36.1,12.5,27.3,1
1.16,17.23,34.61,3.18,35.85,3.65,3.8,63.81,73.0,12.7,28.3,0
11.06,49.3,16.32,12.1,7.44,15.0,8.5,52.95,55.3,41.1,43.6,1
23.75,79.32,6.13,7.12,0.57,4.35,8.92,71.51,64.1,19.4,37.7,1
16.8,40.36,2.41,1.82,0.14,0.53,8.8,50.19,63.2,18.5,60.0,0
20.11,30.58,4.91,5.04,2.52,5.11,7.86,70.98,18.7,5.6,54.3,1
1.52,33.93,8.78,5.71,0.99,1.73,28.8,45.71,51.8,22.8,43.8,0
54.47,66.41,11.29,4.13,7.22,1.72,8.72,58.4,48.1,24.0,58.3,1
32.82,36.73,7.35,7.33,0.81,7.54,6.93,48.54,35.0,32.4,64.9,1
29.43,39.56,13.56,6.99,13.92,3.14,52.33,63.52,58.9,13.4,46.1,1
31.17,68.77,11.43,3.44,2.39,2.23,0.72,49.94,77.7,12.3,48.7,0
48.58,59.74,14.38,2.48,13.4,0.04,8.79,56.47,15.0,30.1,58.6,1
14.14,25.01,7.13,5.12,1.48,4.92,5.5,48.47,44.0,35.1,48.4,0
4.02,52.71,27.78,6.27,30.05,5.12,20.95,61.97,33.3,11.9,43.2,1
17.26,56.09,20.65,3.26,20.36,0.86,2.43,48.43,53.1,35.7,38.0,0
24.45,35.81,13.28,2.3,7.78,1.03,8.17,68.31,47.1,26.3,40.7,1
24.1,88.37,34.61,4.42,36.32,0.15,39.3,45.53,42.9,35.8,52.2,1
13.27,30.43,14.78,1.47,2.27,0.1,9.35,42.56,62.3,25.4,48.1,0
1.28,27.25,24.37,2.71,19.87,2.27,1.56,62.09,76.5,3.3,31.6,0
8.35,28.67,18.53,2.99,6.98,0.29,4.21,48.97,90.0,24.6,22.9,0
45.64,48.9,8.49,6.8,6.08,7.26,3.49,53.94,40.9,35.5,53.5,1
15.81,31.44,1.49,5.0,1.42,5.61,5.15,51.26,24.7,18.0,48.3,1
13.91,31.69,7.07,3.16,2.13,0.84,28.99,42.84,60.4,22.5,59.3,0
5.64,8.05,20.89,1.76,20.45,0.82,6.45,53.35,76.2,24.4,25.6,0
8.27,32.25,14.98,1.58,12.68,0.97,0.51,64.75,64.2,-0.1,34.5,0
40.63,72.42,10.05,1.9,3.55,0.23,1.3,62.53,76.1,41.0,49.4,0
19.76,24.47,15.86,3.77,9.58,0.08,37.06,55.97,48.6,17.9,57.5,0
27.87,56.97,1.85,5.31,1.87,1.85,26.12,63.45,42.9,30.6,47.2,1
10.9,53.05,10.01,8.44,1.34,6.59,19.4,44.99,53.7,25.2,30.8,0
17.91,33.45,33.73,6.83,32.94,6.25,3.8,51.23,47.0,37.3,48.6,0
5.14,71.46,12.59,7.11,8.56,4.23,37.46,57.36,61.9,29.7,33.3,1
22.0,43.47,7.05,3.99,5.48,2.13,8.14,52.89,66.5,23.9,32.7,0
10.04,11.62,33.06,3.58,33.09,3.69,0.63,51.9,67.7,18.0,30.6,0
10.52,15.3,12.52,3.34,5.65,1.37,34.57,43.79,59.7,33.2,57.1,0
18.86,41.64,13.17,2.0,4.64,0.39,6.67,36.31,55.7,9.1,47.3,0
49.56,74.18,7.03,6.91,4.55,3.01,53.34,60.95,63.9,31.8,58.4,1
1.19,22.25,19.57,6.54,13.92,8.01,6.29,56.07,22.6,16.1,33.0,1
31.35,51.14,12.59,1.39,12.0,0.05,2.85,61.67,55.2,37.3,52.0,0
6.23,27.01,10.89,3.96,0.21,0.67,5.18,50.28,52.8,27.5,40.6,0
10.56,20.95,17.33,4.54,12.98,0.66,36.34,47.94,55.2,31.8,42.7,0
0.4,22.1,27.78,1.44,20.91,0.25,5.25,54.06,50.7,26.7,36.3,0
6.45,10.21,15.25,1.1,12.62,0.6,3.86,61.26,58.5,10.2,46.6,0
12.57,26.3,27.47,1.75,28.79,1.25,3.95,52.03,43.4,18.3,40.9,0
1.04,31.38,7.03,7.78,4.07,6.27,38.38,60.82,68.9,32.1,25.7,1
12.16,19.91,5.09,4.31,2.45,3.9,6.97,45.45,59.1,27.5,34.3,0
47.14,56.81,17.31,8.07,16.54,7.34,6.68,52.63,54.3,36.6,36.4,0
2.0,24.62,4.15,0.98,3.02,0.34,2.59,53.4,41.5,29.6,56.2,0
26.02,86.61,9.83,2.74,1.43,0.08,5.54,64.42,64.2,17.3,55.3,0
9.49,49.29,1.82,4.53,1.42,0.29,3.71,55.76,55.1,18.8,31.0,0
19.16,20.84,34.54,5.99,23.81,7.52,2.66,68.84,40.7,26.9,40.8,1
5.43,79.56,1.51,5.75,0.4,0.42,56.26,42.54,51.2,5.2,31.1,0
3.13,54.28,27.53,4.67,4.55,2.04,30.55,55.1,61.4,41.1,51.8,0
3.15,26.71,28.36,2.73,1.76,0.59,27.68,55.52,60.3,30.0,22.2,0
1.32,37.7,20.25,4.72,19.11,0.05,40.85,59.27,59.3,37.0,36.7,0
3.7,13.96,34.09,1.53,8.49,0.19,2.28,47.09,53.4,11.8,35.6,0
19.64,36.63,15.05,5.67,3.17,3.1,38.91,68.32,67.4,37.2,52.1,0
38.42,42.91,15.39,1.99,16.53,0.42,6.37,54.11,70.6,45.0,51.2,0
30.29,57.57,32.62,3.58,16.63,0.55,8.78,44.76,63.1,14.1,31.0,0
20.8,107.93,11.28,3.98,12.24,1.48,7.99,53.86,43.2,32.9,41.8,0
2.11,16.73,5.43,4.43,4.7,2.86,32.99,51.34,36.1,26.0,26.2,0
6.14,23.53,18.58,5.66,14.78,2.01,31.46,75.0,43.8,12.1,38.6,1
6.67,26.13,28.26,7.4,30.84,5.67,25.55,62.92,81.3,30.4,52.3,0
5.18,20.02,1.67,3.08,0.68,1.31,9.0,54.42,56.2,33.5,19.9,0
13.03,41.61,21.29,2.02,3.21,0.38,0.71,53.05,83.9,20.6,32.9,0
13.8,55.16,36.07,3.49,5.15,2.2,7.65,62.08,50.2,36.5,35.7,0
7.95,19.64,22.81,3.92,14.68,1.62,2.77,62.49,48.1,11.0,34.8,0
7.86,26.95,15.05,3.37,11.89,3.0,2.17,35.0,50.9,12.5,45.9,0
31.74,60.43,16.98,8.53,3.5,7.68,26.58,59.47,50.6,27.2,47.5,1
28.03,33.28,3.97,4.65,3.62,4.98,1.04,54.24,40.4,26.2,51.8,0
6.62,12.45,49.34,1.69,35.73,1.21,9.43,42.86,34.8,19.6,31.7,0
44.12,50.18,20.6,2.28,20.0,0.63,8.33,61.48,59.5,33.3,57.2,0
54.97,81.37,49.85,7.25,42.21,7.1,5.19,73.09,67.8,30.8,67.5,1
7.12,15.08,22.22,1.4,17.33,0.78,6.94,58.73,88.7,33.7,30.9,0
7.88,20.12,26.34,3.67,7.76,4.11,5.51,63.35,45.5,24.9,46.4,0
12.68,31.19,13.87,13.74,2.08,13.65,56.37,69.34,46.7,31.4,41.2,1
50.98,66.4,26.44,3.69,14.79,2.37,8.1,46.94,40.4,22.0,68.4,0
37.62,50.32,10.05,4.98,4.5,1.13,51.88,38.21,68.9,44.5,49.9,0
1.95,22.42,17.08,2.79,7.04,2.72,4.64,59.58,64.2,18.7,39.7,0
8.98,12.81,15.6,1.92,7.89,0.56,18.15,51.9,38.8,44.9,38.6,0
14.51,24.58,34.38,3.02,37.03,1.62,15.5,42.32,38.5,26.3,40.6,0
12.59,47.21,7.07,2.71,0.88,0.82,6.64,53.34,66.3,13.6,43.3,0
3.88,14.73,3.52,1.44,2.84,0.43,8.58,60.18,57.7,38.3,42.1,0
35.24,53.49,23.0,3.29,11.98,2.15,8.12,52.73,63.4,27.1,38.4,0
20.34,39.15,28.28,6.57,30.96,2.26,31.96,47.31,38.8,33.7,58.5,1
32.75,61.77,64.69,5.72,42.9,4.67,8.54,52.1,23.8,37.0,31.1,1
35.23,67.4,14.78,7.11,13.02,6.15,3.9,53.83,38.9,29.0,44.0,1
24.84,65.9,1.48,2.98,0.4,0.49,3.91,37.6,62.3,20.7,45.2,0
10.41,63.07,20.88,7.0,4.91,2.8,57.81,52.79,83.7,34.8,43.8,0
16.97,23.56,28.93,3.89,31.84,1.03,34.09,42.57,45.6,26.0,58.4,0
3.15,5.13,9.99,2.17,6.86,1.61,3.25,59.6,86.1,32.2,17.8,0
20.16,32.12,21.28,3.8,13.84,3.42,5.98,40.73,64.4,6.6,39.0,0
3.56,11.54,6.89,2.03,5.11,0.91,4.28,62.61,31.1,30.0,15.3,0
21.31,28.4,4.81,3.86,0.32,2.08,8.97,50.52,55.2,20.3,44.9,0
4.7,33.65,16.32,2.57,10.1,1.33,9.13,49.38,65.0,40.9,39.8,0
2.25,44.91,47.59,5.11,32.63,5.43,5.02,56.5,15.6,31.6,51.9,1
3.25,26.77,48.73,2.92,53.42,2.38,5.35,46.64,61.7,28.2,37.7,0
0.04,11.88,20.36,2.81,21.48,2.9,7.02,56.37,69.6,30.4,45.5,0
22.83,44.31,13.37,4.14,10.12,0.75,42.7,47.78,58.0,17.0,51.1,0
23.73,54.93,14.85,6.0,12.88,3.03,39.27,49.27,51.1,40.6,41.3,0
13.02,16.29,24.85,2.61,24.09,2.34,7.22,57.45,49.4,43.9,26.8,0
3.17,18.56,2.34,3.95,0.25,1.34,7.14,44.32,48.5,29.5,39.2,0
1.57,18.3,42.59,2.25,41.84,1.19,2.7,43.25,34.4,40.3,20.8,0
0.35,18.24,22.82,4.23,11.04,1.08,42.52,56.11,41.7,20.9,48.1,0
3.26,12.42,38.52,1.85,41.63,0.02,26.52,53.77,45.8,18.8,34.8,0
39.87,59.24,20.07,1.9,20.68,0.49,2.63,55.43,53.7,26.4,64.9,0
4.98,31.35,8.87,2.43,2.44,0.17,6.37,56.78,43.6,29.9,32.4,0
7.87,15.65,2.72,4.44,2.64,5.06,2.6,54.49,39.0,22.5,41.2,0
2.0,51.92,12.03,4.72,5.9,4.8,2.89,59.17,63.4,30.8,38.0,0
4.53,10.88,5.72,5.02,3.84,4.15,8.13,54.83,57.6,28.8,36.6,0
13.18,22.69,8.99,3.85,7.03,3.64,8.87,36.94,43.9,17.0,36.6,0
16.85,20.72,12.03,4.39,9.9,0.45,55.24,39.14,59.6,30.7,46.5,0
5.07,9.79,10.68,5.05,9.0,1.98,8.85,70.39,45.2,33.8,28.0,1
1.07,23.16,11.73,5.6,0.77,5.68,18.77,54.0,52.9,27.5,23.4,0
8.93,19.04,59.81,6.27,46.99,3.2,44.35,62.08,66.6,36.4,51.4,1
4.8,41.7,11.97,3.37,8.0,0.0,1.02,51.06,42.9,15.0,44.4,0
4.46,13.55,30.79,1.7,28.4,1.69,2.68,53.51,34.4,30.2,37.7,0
57.88,60.78,1.42,3.21,1.09,0.03,3.97,50.15,49.8,15.5,77.7,0
17.24,48.85,35.5,2.87,31.12,1.19,8.85,74.96,31.5,16.0,40.1,1
14.65,20.2,7.66,6.26,2.66,1.46,53.22,56.15,47.8,20.3,54.8,0
9.67,22.07,13.85,5.48,15.04,5.31,16.84,49.45,47.8,17.5,41.1,0
10.08,58.22,17.47,7.27,17.93,3.32,7.11,39.96,15.0,21.1,29.3,1
14.01,13.01,32.2,2.13,34.27,1.17,3.22,70.78,60.0,24.1,59.8,0
21.46,23.47,5.82,2.85,5.21,1.64,6.66,52.61,49.3,33.5,54.6,0
21.8,74.14,7.86,6.14,1.57,4.17,4.39,60.33,69.7,23.1,43.6,0
3.39,30.37,41.14,1.91,28.13,0.91,2.27,61.28,55.2,11.7,43.8,0
12.48,35.86,13.0,2.86,4.85,2.01,7.11,50.07,63.0,36.3,36.6,0
9.56,13.36,6.72,3.15,3.14,0.63,37.12,59.72,69.9,18.5,47.6,0
36.8,52.88,11.34,2.82,9.15,1.63,3.13,48.86,50.0,25.5,27.6,0
17.97,24.39,4.69,1.56,1.95,0.05,3.71,45.58,52.0,30.0,32.9,0
13.69,49.95,11.15,7.39,6.26,6.5,4.62,63.9,28.4,27.8,51.0,1
2.21,41.46,7.79,1.93,5.69,0.1,6.62,52.66,70.6,35.8,33.5,0
16.75,26.76,5.69,1.74,4.61,0.66,4.63,58.41,49.8,30.3,44.6,0
2.24,30.93,13.93,4.08,9.33,1.18,22.27,57.49,36.9,18.2,22.5,0
7.4,32.5,8.68,2.95,6.35,2.3,5.86,59.42,63.1,45.0,56.8,0
2.77,20.53,20.44,5.44,22.62,3.58,26.45,40.77,19.3,27.7,48.2,1
21.2,27.44,30.71,1.36,33.97,0.21,8.91,49.03,45.6,24.7,42.5,0
4.16,17.44,3.02,1.08,1.21,0.09,9.1,51.24,65.6,34.7,32.8,0
8.95,44.89,25.81,4.97,23.89,4.01,5.74,46.93,45.4,28.2,49.3,0
40.68,84.73,42.69,4.75,44.51,3.9,1.15,57.65,41.2,29.6,73.1,1
4.11,18.48,15.92,6.16,17.52,4.98,36.53,64.09,45.8,45.0,46.4,1
12.76,64.53,73.52,5.25,80.0,4.16,2.16,65.43,21.9,23.5,62.5,1
9.78,35.82,5.09,3.63,4.98,2.98,4.85,51.12,62.7,23.1,30.2,0
0.33,18.94,39.74,2.04,24.36,1.19,2.2,56.48,50.2,27.0,27.0,0
28.33,41.09,17.09,7.71,16.48,2.42,35.71,57.79,47.9,35.6,35.9,1
1.29,11.05,5.04,5.39,5.51,4.21,23.97,59.28,48.0,12.4,40.0,0
11.57,40.36,20.63,2.45,15.72,0.43,9.08,46.54,52.2,8.3,42.0,0
14.81,72.57,11.51,3.24,11.03,1.58,2.26,69.47,61.8,20.7,40.1,1
17.82,33.22,7.78,7.18,3.07,3.64,53.17,61.88,51.2,11.3,51.1,1
21.0,26.23,3.83,2.77,3.17,2.38,8.75,62.1,31.6,22.2,56.8,1
5.26,38.65,40.64,3.73,17.58,2.94,2.73,64.23,60.6,30.5,22.1,0
0.18,14.52,35.5,1.46,16.01,0.8,8.91,58.54,59.5,18.0,29.1,0
23.14,29.49,14.67,1.14,9.19,0.07,4.0,45.27,55.1,13.2,53.6,0
13.81,16.72,14.46,1.61,7.88,0.06,9.14,52.82,68.1,26.6,36.5,0
32.55,57.48,5.57,8.72,2.49,6.35,36.32,39.97,52.5,33.8,41.7,0
31.01,71.1,26.35,6.93,7.45,6.9,2.19,57.53,68.7,10.7,59.1,0
33.36,34.96,24.06,2.94,23.06,0.46,24.12,52.56,73.1,33.4,37.1,0
11.95,25.81,23.26,1.5,24.01,0.35,2.24,53.66,60.7,33.4,37.4,0
7.31,23.02,16.09,1.84,17.06,0.05,2.54,64.23,40.8,34.6,41.6,0
28.23,34.45,72.96,3.91,79.51,0.63,46.1,50.12,50.0,37.0,42.0,0
10.8,61.87,29.54,2.57,27.16,0.87,1.91,51.86,70.6,45.0,47.7,0
3.65,7.84,3.86,1.1,2.41,0.79,6.19,54.19,29.5,22.8,31.0,0
34.76,57.26,12.34,5.67,6.63,3.72,25.61,38.36,46.1,27.0,64.7,0
38.55,64.46,4.77,5.09,2.08,3.76,7.62,51.74,46.9,22.3,51.1,0
11.3,20.0,20.06,0.84,7.76,0.18,3.49,35.0,39.0,26.0,46.8,0
1.42,9.45,19.72,2.85,16.46,2.24,9.22,49.02,65.1,39.8,43.1,0
8.83,19.51,7.91,3.81,2.29,1.8,0.95,61.27,57.7,13.9,32.7,0
29.29,27.98,33.69,1.89,32.01,0.4,1.07,57.8,41.3,18.3,27.6,0
41.77,48.36,22.44,6.56,10.48,2.96,37.54,48.94,61.1,38.4,57.4,0
4.09,17.87,17.19,3.86,18.66,0.22,44.89,54.35,49.6,35.2,37.6,0
1.25,69.42,1.04,4.18,0.69,0.54,7.66,44.86,38.6,22.7,41.1,0
37.77,35.84,8.57,1.52,1.46,0.44,4.91,53.98,41.3,33.7,49.7,0
8.88,25.5,22.06,9.91,14.78,7.91,57.03,75.0,58.5,29.1,34.7,1
14.05,46.78,26.95,4.01,26.16,3.15,0.62,69.69,66.1,39.5,61.4,0
61.99,113.89,33.54,5.64,34.37,1.66,5.09,54.45,44.7,26.7,48.2,1
1.24,5.32,14.72,3.28,14.19,3.69,4.78,55.36,60.2,35.2,42.9,0
18.81,83.09,3.91,2.39,2.56,0.48,3.6,45.67,75.7,45.0,37.7,0
1.39,16.77,17.39,8.57,3.12,7.05,5.7,47.18,33.1,31.4,32.3,1
8.47,22.9,27.32,2.91,28.02,2.81,7.06,57.08,57.3,26.4,35.6,0
29.32,31.65,7.53,2.4,1.41,1.67,6.81,49.54,64.5,32.5,40.2,0
10.23,29.81,24.51,4.24,16.92,4.25,2.87,61.69,50.6,22.7,45.3,0
105.69,157.14,11.49,6.64,12.61,3.23,5.77,67.34,70.6,45.0,96.5,1
14.74,33.33,5.35,6.25,5.71,3.82,23.99,56.83,85.0,27.6,46.3,0
6.97,15.41,9.06,3.7,7.37,3.99,1.59,54.86,57.2,23.5,39.2,0
4.47,15.13,37.98,1.73,34.26,0.45,7.57,39.71,48.5,18.5,27.1,0
7.77,18.42,23.91,1.4,24.56,0.6,6.74,60.35,66.7,35.9,43.7,0
8.39,62.63,21.44,2.6,23.81,0.14,7.41,44.28,64.6,33.8,60.3,0
1.28,65.05,10.49,2.5,9.39,0.86,1.87,50.45,15.0,21.5,31.8,0
8.3,11.78,2.0,1.61,1.59,1.08,8.73,62.16,52.0,31.2,35.0,0
11.23,16.81,73.49,2.87,80.0,0.08,1.7,62.75,46.1,12.4,34.4,1
23.09,27.76,4.18,2.71,1.94,0.83,24.8,50.03,58.0,27.7,40.5,0
19.25,28.8,9.56,4.25,9.71,3.56,3.67,50.52,49.1,30.1,16.2,0
22.21,91.23,11.39,7.47,4.48,4.92,1.45,48.06,50.7,41.4,49.0,0
0.15,66.53,11.21,1.83,10.48,0.02,3.08,43.82,39.1,19.1,26.6,0
4.42,23.66,10.27,2.88,4.2,0.01,36.43,48.6,63.0,14.5,20.9,0
19.51,30.38,24.4,1.57,21.02,0.23,4.92,40.29,76.8,17.9,51.3,0
11.91,12.35,60.67,5.12,52.19,5.77,9.05,59.81,39.3,14.0,29.5,1
0.1,23.45,8.15,4.76,8.44,1.9,30.29,57.35,31.0,38.0,31.7,1
29.38,46.39,2.4,10.23,1.06,10.84,21.88,58.76,52.3,39.9,62.9,1
26.68,29.16,24.35,10.5,13.7,4.87,52.01,45.89,51.6,28.9,32.9,0
14.31,39.24,14.91,5.59,5.05,3.99,6.17,43.84,69.6,37.0,26.1,0
1.24,39.85,62.02,3.2,67.48,0.41,3.76,54.45,33.6,27.2,38.3,0
26.18,28.65,1.9,5.02,1.35,1.71,53.69,54.54,43.9,25.1,58.3,1
15.77,26.45,13.55,11.37,2.12,15.0,2.19,52.75,19.8,23.0,26.4,1
27.42,60.73,14.01,3.87,14.25,0.33,36.72,51.54,72.6,23.2,51.4,0
25.08,32.1,31.4,3.7,21.23,2.36,7.67,68.54,55.8,12.1,52.1,1
29.24,37.43,28.03,1.68,9.5,1.16,0.51,57.62,45.0,28.4,27.6,0
13.14,24.47,6.61,3.4,5.69,1.64,6.82,70.75,32.2,25.6,48.9,1
2.72,30.32,16.62,8.68,6.23,7.04,41.83,64.79,33.5,32.7,45.0,1
20.02,59.66,9.02,3.89,6.35,2.54,2.03,68.48,58.2,26.8,40.9,1
17.44,73.5,12.86,5.27,3.92,4.06,2.97,44.87,35.4,24.5,55.4,0
24.4,61.25,28.48,4.65,28.15,3.05,9.2,59.04,53.6,18.2,57.3,0
3.35,22.59,1.02,2.0,0.65,1.18,8.53,50.33,82.6,26.6,37.5,0
3.9,35.01,13.38,3.62,6.55,3.48,2.42,39.86,46.8,32.6,32.2,0
39.8,39.78,21.87,11.88,23.21,11.28,43.99,66.72,37.6,15.7,43.2,1
24.95,99.87,15.76,10.45,0.06,9.06,16.89,51.5,57.7,26.8,45.9,1
42.99,46.41,31.38,7.58,31.26,4.27,56.62,45.03,33.6,28.1,60.0,1
25.59,51.74,12.57,3.82,13.4,1.24,8.3,50.48,77.8,19.5,43.3,0
16.37,36.2,2.29,2.9,0.81,0.32,9.19,47.23,73.1,20.7,20.4,0
19.11,21.58,38.0,1.23,28.99,0.1,7.26,48.1,49.5,28.1,56.3,0
39.59,43.57,11.41,2.48,10.09,0.74,5.89,52.12,38.5,15.8,54.7,0
15.56,57.85,27.54,2.65,17.66,1.32,1.78,68.71,45.6,29.1,38.2,1
18.01,33.08,26.93,1.21,28.66,0.34,1.17,48.34,47.6,17.9,51.7,0
3.06,11.05,30.83,2.36,30.05,0.66,5.86,68.1,57.8,35.6,51.6,0
11.56,25.49,18.6,4.83,6.63,0.2,5.35,61.22,67.6,45.0,15.0,0
22.68,27.72,4.09,4.51,4.22,2.15,29.52,57.37,36.5,18.3,49.6,1
5.69,17.29,5.48,2.75,3.67,0.29,3.4,60.36,67.2,30.8,23.3,0
4.07,7.55,30.07,5.47,17.37,2.84,42.73,54.12,61.3,19.5,41.8,0
6.78,25.49,42.52,2.31,41.19,1.17,4.31,64.93,44.4,35.4,39.3,0
4.98,26.36,8.62,3.95,1.18,3.28,9.22,58.82,35.7,14.6,43.6,1
4.36,16.33,11.23,6.08,0.17,4.15,44.57,39.85,53.7,30.3,32.0,0
9.96,52.93,29.6,1.48,27.95,0.27,0.8,56.52,36.1,18.1,20.7,0
42.92,49.75,17.02,11.33,6.46,10.71,38.7,60.66,67.4,24.1,49.8,1
12.73,28.58,10.48,3.58,4.85,2.88,4.75,51.54,35.1,16.7,44.8,0
3.75,15.16,9.27,1.21,2.59,0.12,3.78,55.07,60.2,33.4,46.8,0
1.44,15.6,5.84,2.1,5.38,0.85,3.62,48.79,50.8,18.5,23.9,0
21.44,50.9,60.26,5.38,48.31,5.34,5.86,42.29,43.6,31.0,54.9,0
8.69,13.53,49.22,2.25,44.09,1.84,5.28,40.82,50.5,22.9,32.4,0
31.05,53.27,5.7,2.42,4.37,0.62,6.41,40.93,68.2,25.0,52.6,0
19.39,27.2,53.1,7.05,53.21,8.5,5.66,59.69,34.1,27.3,38.6,1
28.63,30.76,6.66,4.94,4.25,3.23,1.8,35.0,45.8,19.1,49.7,0
5.71,19.62,30.38,6.88,26.56,3.33,54.89,48.33,40.7,27.9,46.5,1
21.22,47.8,33.3,5.28,3.17,5.24,8.07,47.49,51.4,39.8,32.3,0
5.52,19.19,22.43,4.44,24.61,3.76,6.47,51.6,41.7,19.0,30.7,0
50.36,51.56,24.2,2.7,6.57,0.94,4.54,38.22,25.5,36.5,59.5,0
18.21,80.31,3.78,4.48,3.7,2.82,2.14,57.43,36.2,39.5,67.2,1
7.06,30.3,27.35,7.9,26.27,2.89,26.33,43.18,76.6,18.7,29.5,0
5.65,25.1,7.02,1.88,3.41,0.52,3.31,63.63,55.7,12.9,57.9,0
3.81,32.37,56.5,4.72,60.69,0.4,32.62,48.71,55.2,28.7,56.8,0
21.35,49.57,6.51,3.66,1.66,0.46,4.84,53.19,47.8,21.1,43.6,0
4.44,16.9,10.89,1.28,0.13,0.52,7.9,54.03,51.2,42.8,34.0,0
16.28,49.75,29.71,2.73,30.69,0.3,24.09,56.08,45.6,26.3,35.4,0
5.53,9.8,10.13,3.88,10.77,3.9,8.13,54.31,59.9,18.8,36.8,0
19.52,47.02,12.6,5.5,7.33,4.12,6.84,50.37,53.5,15.7,29.7,0
30.37,39.65,9.59,2.71,1.37,0.49,1.63,56.92,34.4,35.8,47.9,0
27.09,68.47,29.81,5.43,12.51,3.29,6.3,57.96,55.8,20.9,62.2,0
25.75,34.93,8.62,3.56,8.42,3.14,1.87,47.5,15.1,26.4,40.5,1
3.74,43.02,22.02,3.0,9.02,0.8,6.39,57.62,58.2,34.6,34.3,0
1.67,26.29,19.09,3.65,16.83,0.83,25.28,64.13,30.9,21.6,18.7,1
21.61,53.24,15.43,2.28,15.35,0.8,4.03,60.0,50.6,25.6,48.5,0
8.27,27.67,67.28,3.91,52.82,4.03,5.6,61.93,34.1,25.9,41.4,1
10.19,12.16,14.31,1.74,14.08,0.91,0.95,55.46,52.0,32.1,40.2,0
0.57,43.65,12.42,2.46,4.98,0.69,1.88,46.04,60.7,31.3,33.1,0
5.41,49.74,13.12,2.0,4.33,0.04,3.38,47.12,74.5,24.0,34.5,0
0.62,15.49,12.68,5.8,10.34,7.13,4.66,56.72,28.9,26.6,40.3,1
38.04,43.4,10.62,4.04,3.99,3.34,8.23,62.01,66.6,22.7,51.8,0
5.02,41.22,11.96,3.39,7.62,1.94,2.19,75.0,54.0,12.7,40.4,1
14.67,37.03,26.94,9.43,28.51,8.23,3.63,62.35,45.2,28.3,43.8,1
0.72,17.91,27.66,3.44,21.22,0.64,4.78,44.05,63.4,43.0,46.6,0
19.78,44.91,27.82,3.69,13.37,2.74,3.16,47.48,48.5,18.0,50.7,0
7.02,20.9,15.41,3.24,12.65,0.97,6.13,73.37,62.8,19.0,40.1,0
41.08,79.6,39.15,2.76,9.04,1.15,2.81,52.18,37.1,18.2,68.7,1
39.43,49.44,17.09,6.76,15.27,5.22,7.45,54.4,42.5,32.5,56.9,1
7.08,42.97,20.73,3.89,18.68,3.04,5.05,45.84,66.2,30.0,51.2,0
41.62,55.99,22.93,3.13,18.0,0.84,1.28,67.3,74.3,24.6,59.8,0
100.11,110.89,1.76,3.01,0.59,0.26,6.14,58.25,51.5,17.7,61.6,1
31.42,90.17,35.56,6.03,24.03,1.56,22.52,47.42,15.0,26.8,62.2,1
33.54,41.91,24.76,7.1,16.74,3.37,52.96,45.55,49.0,11.9,51.4,0
5.15,39.62,13.67,2.47,1.46,0.27,20.22,56.61,52.5,27.3,36.8,0
15.47,67.01,7.83,4.12,2.43,3.08,2.31,54.38,48.5,33.8,44.8,0
1.25,35.4,32.43,5.14,21.69,5.62,4.15,61.07,57.0,14.7,32.1,0
1.8,47.98,18.13,2.04,12.55,0.56,2.3,58.65,44.8,12.2,38.1,0
120.0,124.28,26.7,7.09,24.89,5.25,5.7,51.75,64.6,40.2,83.1,1
7.12,39.05,18.88,1.99,3.08,0.15,6.91,49.38,34.5,20.5,50.9,0
24.82,60.8,3.82,4.83,0.38,2.36,8.2,52.64,70.6,36.2,45.0,0
29.58,45.42,5.9,7.52,1.93,2.9,21.43,49.32,75.3,24.6,44.5,0
35.14,39.7,9.31,2.66,9.11,1.65,6.7,52.89,38.3,24.5,41.6,0
108.79,100.86,28.97,3.19,12.52,0.73,5.98,54.14,38.3,29.9,86.6,1
4.98,62.98,24.03,6.49,25.04,5.92,9.37,46.37,58.2,18.0,39.1,0
0.74,53.03,20.27,1.51,21.02,0.06,2.85,59.36,34.2,27.2,39.2,0
9.53,19.39,57.75,6.57,63.45,2.0,56.48,50.85,44.6,22.6,29.0,1
2.51,48.57,4.47,3.45,0.94,0.92,20.14,46.84,68.5,14.1,20.1,0
0.41,28.64,3.42,2.6,1.67,1.29,4.87,51.01,63.1,29.0,41.4,0
8.05,27.65,8.94,1.78,0.93,1.36,1.37,56.06,81.7,23.6,53.5,0
27.56,34.4,11.57,4.6,10.41,1.86,24.53,54.71,54.6,24.6,37.1,0
15.03,31.35,11.84,4.33,4.65,0.63,4.84,57.59,42.8,15.1,57.7,0
6.75,14.92,15.77,5.39,16.07,2.89,42.93,61.64,52.8,40.3,40.9,1
19.12,32.45,3.51,3.92,2.16,0.05,9.17,65.09,49.7,33.9,43.5,0
4.75,13.01,11.18,0.77,1.48,0.05,7.19,56.43,50.0,34.7,33.2,0
0.26,5.97,9.35,1.34,7.3,1.34,4.0,44.91,51.6,23.3,21.3,0
26.02,69.36,7.41,6.21,7.45,2.31,8.29,51.71,38.0,10.4,56.6,0
17.59,32.64,38.81,2.66,21.43,0.68,8.38,45.46,56.2,43.6,35.2,0
25.86,48.45,30.63,4.92,32.73,2.77,29.82,68.42,30.9,25.5,38.8,1
0.71,13.44,2.81,3.67,2.03,2.22,24.98,70.89,41.2,19.3,45.2,1
32.67,44.79,24.92,2.52,24.73,1.17,2.32,59.53,50.2,29.8,30.9,0
17.39,23.5,13.95,4.09,14.82,3.6,1.32,61.3,18.1,36.5,27.6,1
14.92,71.79,9.63,11.53,9.58,7.85,50.88,56.13,63.5,25.8,41.5,1
17.64,52.99,12.84,6.13,1.77,2.3,56.05,57.11,21.2,37.5,45.9,1
35.97,43.2,14.67,4.07,15.05,2.96,3.16,40.42,62.0,35.7,56.0,0
15.91,22.2,1.56,4.52,0.94,0.81,50.4,53.37,32.6,16.3,39.1,1
15.66,18.59,16.52,3.51,4.22,3.33,0.7,46.51,45.9,19.9,67.3,0
84.16,93.77,4.85,5.14,1.47,2.83,8.66,56.39,59.8,34.6,70.6,1
25.44,56.36,8.28,3.2,8.06,1.84,3.08,53.49,85.0,1.6,44.1,0
10.51,41.19,19.81,5.71,16.2,6.52,0.76,70.55,53.7,24.7,31.8,1
22.12,32.96,35.58,4.39,39.25,0.9,43.19,61.79,22.3,13.1,46.2,1
8.87,24.46,17.82,1.59,16.08,0.98,3.3,56.42,66.3,21.7,45.1,0
4.68,12.42,43.82,0.95,42.74,0.2,8.39,51.73,48.5,23.3,49.1,0
16.35,23.73,38.17,3.68,21.41,3.58,4.58,68.25,53.0,22.8,27.5,0
47.41,87.43,6.88,5.7,5.01,4.79,6.47,53.75,60.4,21.0,53.9,0
47.65,44.03,21.4,3.04,14.12,1.77,2.67,56.82,18.6,16.1,60.9,1
7.53,9.44,8.03,2.5,7.97,1.03,25.89,54.36,52.1,45.0,44.3,0
13.5,22.77,13.61,2.98,11.34,2.64,2.82,50.56,45.9,42.8,41.1,0
4.28,62.27,11.05,5.17,10.59,0.17,9.06,54.31,70.3,15.5,42.4,0
97.8,103.61,17.51,2.9,14.93,0.76,1.05,37.32,62.9,40.2,70.9,0
71.45,148.88,4.62,6.29,1.54,1.55,26.24,40.84,27.6,22.4,82.7,1
18.87,31.45,38.13,3.16,16.35,1.52,8.54,56.97,70.9,27.2,53.4,0
29.37,58.04,17.09,4.49,2.35,1.82,30.66,67.33,58.7,25.4,34.8,1
22.6,62.04,5.65,4.46,0.46,0.77,32.3,56.96,28.8,20.1,34.4,1
16.19,91.68,10.62,4.08,10.5,2.05,6.37,47.88,52.8,34.9,31.8,0
0.99,13.02,12.69,3.54,8.67,4.27,1.14,41.74,67.5,27.1,42.2,0
10.92,29.58,9.94,2.56,0.58,0.08,0.66,60.67,33.8,21.7,27.1,0
20.22,34.57,7.32,2.95,7.88,2.11,8.94,49.18,72.7,14.3,40.8,0
20.37,52.38,15.26,3.96,13.16,3.21,2.94,59.47,29.3,18.0,48.7,1
8.41,61.55,1.04,7.18,0.86,7.77,3.92,57.31,40.1,11.2,38.1,1
51.16,97.78,21.08,5.22,21.56,3.42,6.64,58.07,37.9,26.1,60.6,1
3.3,14.74,2.91,4.21,2.59,1.83,39.83,54.29,72.7,15.2,25.8,0
12.49,20.49,39.99,4.91,22.87,3.9,24.24,57.26,44.6,23.6,46.6,1
21.13,50.39,6.41,4.14,5.89,0.92,26.65,52.98,34.6,38.3,38.4,0
21.5,25.77,8.03,3.48,7.84,1.91,8.21,48.6,58.7,36.8,41.4,0
18.83,51.67,45.63,2.98,26.85,1.55,3.01,45.81,61.9,25.7,45.8,0
5.8,25.19,19.21,2.12,16.5,0.96,2.33,35.0,62.0,25.2,38.6,0
3.06,51.19,28.17,3.1,21.85,0.22,7.99,52.46,47.9,42.9,36.6,0
18.19,58.87,4.81,8.39,2.7,1.0,3.44,66.91,55.8,30.7,35.7,0
16.46,36.3,5.25,2.2,0.76,0.95,4.21,60.21,42.2,23.0,39.4,0
3.56,9.91,8.88,5.38,9.82,2.29,23.3,55.94,77.1,13.2,36.6,0
21.98,26.16,8.32,4.75,5.74,4.67,6.22,47.76,69.2,29.5,31.1,0
10.93,30.38,32.54,2.57,30.76,0.6,4.48,62.48,68.2,33.5,35.3,0
19.83,45.5,9.19,1.97,5.4,0.17,2.75,52.99,63.9,20.3,47.8,0
32.69,43.44,10.1,13.62,7.75,15.0,7.38,67.39,59.8,28.6,36.9,1
3.35,11.91,18.74,4.36,10.48,3.01,26.03,45.66,33.3,22.7,48.1,0
0.35,16.39,20.5,4.82,18.13,4.27,8.85,47.63,61.5,24.3,47.9,0
27.18,71.95,9.89,2.48,4.25,0.38,1.85,46.8,53.7,3.6,34.8,0
16.93,30.49,26.86,4.55,28.48,2.67,7.74,41.4,71.0,24.0,56.2,0
21.65,30.7,19.76,7.36,8.78,3.26,4.32,46.04,64.1,34.7,43.3,0
32.78,35.12,24.04,2.41,23.71,0.38,19.59,54.88,60.3,20.3,53.9,0
29.22,44.04,14.6,2.1,11.84,0.52,4.12,47.95,26.7,26.5,43.2,0
58.36,93.32,20.01,3.68,19.34,0.82,16.54,35.0,50.7,19.2,70.5,0
13.82,56.92,14.12,2.01,0.86,0.75,1.72,63.13,43.6,29.2,45.3,0
12.07,20.5,29.98,7.68,17.92,7.08,2.65,39.69,55.8,24.1,32.3,0
9.25,30.31,11.42,2.65,10.99,1.23,8.31,59.01,45.8,17.5,27.5,0
3.0,13.7,15.67,5.63,8.1,3.52,42.22,54.27,47.9,38.0,21.7,1
15.3,28.03,2.24,5.21,1.76,4.5,9.25,72.0,58.9,34.4,43.8,1
5.84,23.89,18.54,2.17,20.4,1.36,0.54,62.47,45.5,20.6,43.4,0
45.76,52.36,12.57,5.18,1.89,2.78,30.86,49.71,53.8,30.5,62.1,0
15.75,72.62,3.99,3.38,3.5,0.35,22.46,48.03,29.2,30.8,40.9,1
16.17,25.98,2.99,2.9,2.2,1.55,8.91,66.77,39.5,31.8,30.7,0
7.89,18.12,5.66,6.24,0.07,6.15,23.3,41.46,61.8,10.8,31.7,0
0.96,11.01,25.01,2.65,16.47,0.52,32.95,55.62,33.5,35.1,47.0,0
0.58,5.35,4.32,1.13,3.4,0.89,1.47,52.89,70.7,20.9,30.4,0
9.91,68.85,2.57,6.77,2.05,3.51,20.56,51.08,66.6,22.8,40.9,0
1.59,21.3,5.37,2.89,5.43,2.81,7.09,57.0,48.0,45.0,25.0,0
16.8,43.19,6.39,3.76,6.93,1.65,3.61,55.61,90.0,28.7,45.9,0
38.31,58.79,8.79,5.33,8.95,4.37,3.32,57.89,70.6,22.5,47.7,0
38.61,45.95,23.59,2.62,7.15,0.09,25.82,55.18,37.8,6.2,62.8,0
19.37,36.36,8.55,3.99,8.84,3.41,1.1,57.55,63.2,38.5,51.5,0
4.27,37.33,12.34,5.09,7.65,5.33,1.54,54.79,53.0,13.9,32.0,0
35.78,35.89,37.43,2.79,24.67,0.04,8.38,48.39,40.3,17.0,49.8,0
39.1,48.04,6.36,4.69,0.47,2.41,0.6,54.03,36.0,23.0,47.1,1
3.94,20.29,20.17,1.67,22.18,0.8,6.74,47.93,66.9,38.7,22.6,0
24.07,33.25,8.91,2.49,3.85,0.13,7.42,47.37,43.0,33.0,37.3,0
